Workbook

Sheet Existencias
A2: Código | B2: Proveedor (código) | C2: Proveedor | D2: Detalle | E2: Nombre del artículo2 | F2: Precio de venta | G2: Precio de venta2 | H2: Existencias mínimas | I2: Existencias iniciales | J2: Entradas | K2: Salidas | L2: Existencias actuales | M2: Columna1 | N2: Detalle del artículo2
A3: 0001ME | B3: 1 | C3: =IF([1]!Artículos4[[#This Row],[Proveedor (código)]]="","",VLOOKUP([2]!Artículos4[[#This Row],[Proveedor (código)]],[2]Proveedores!A:B,2,FALSE)) -> #REF! | D3: Arverja partida 500 gr | E3: Menestras | F3: 3.9 | I3: 29 | J3: =SUMIFS(Entradas!G:G,Entradas!E:E,Artículos[[#This Row],[Código]]) -> 3 | K3: =SUMIFS(Salidas!G:G,Salidas!E:E,#REF!) -> 0 | L3: =Artículos[[#This Row],[Existencias iniciales]]+Artículos[[#This Row],[Entradas]]-Artículos[[#This Row],[Salidas]] -> 32 | M3: Maizena
A4: 0002ME | C4: =IF([2]!Artículos4[[#This Row],[Proveedor (código)]]="","",VLOOKUP([2]!Artículos4[[#This Row],[Proveedor (código)]],[2]Proveedores!A:B,2,FALSE)) -> #REF! | D4: Arverja partida 1 kg | E4: Menestras | F4: 6.1 | J4: =SUMIFS(Entradas!G:G,Entradas!E:E,Artículos[[#This Row],[Código]]) -> 0 | K4: =SUMIFS(Salidas!G:G,Salidas!E:E,Artículos[[#This Row],[Código]]) -> 3 | L4: =Artículos[[#This Row],[Existencias iniciales]]+Artículos[[#This Row],[Entradas]]-Artículos[[#This Row],[Salidas]] -> -3 | M4: Maizena
A5: 0003ME | B5: 1 | C5: =IF([2]!Artículos4[[#This Row],[Proveedor (código)]]="","",VLOOKUP([2]!Artículos4[[#This Row],[Proveedor (código)]],[2]Proveedores!A:B,2,FALSE)) -> #REF! | D5: Arverja partida 10 kg | E5: Menestras | F5: 71.1 | I5: 2 | J5: =SUMIFS(Entradas!G:G,Entradas!E:E,Artículos[[#This Row],[Código]]) -> 0 | K5: =SUMIFS(Salidas!G:G,Salidas!E:E,Artículos[[#This Row],[Código]]) -> 0 | L5: =Artículos[[#This Row],[Existencias iniciales]]+Artículos[[#This Row],[Entradas]]-Artículos[[#This Row],[Salidas]] -> 2 | M5: Maizena
A6: 0004ME | B6: 1 | C6: =IF([2]!Artículos4[[#This Row],[Proveedor (código)]]="","",VLOOKUP([2]!Artículos4[[#This Row],[Proveedor (código)]],[2]Proveedores!A:B,2,FALSE)) -> #REF! | D6: Arverja partida 5 kl gr | E6: Menestras | F6: 36.9 | I6: 7 | J6: =SUMIFS(Entradas!G:G,Entradas!E:E,Artículos[[#This Row],[Código]]) -> 0 | K6: =SUMIFS(Salidas!G:G,Salidas!E:E,Artículos[[#This Row],[Código]]) -> 0 | L6: =Artículos[[#This Row],[Existencias iniciales]]+Artículos[[#This Row],[Entradas]]-Artículos[[#This Row],[Salidas]] -> 7 | M6: Maizena
A7: 0005ME | C7: =IF([2]!Artículos4[[#This Row],[Proveedor (código)]]="","",VLOOKUP([2]!Artículos4[[#This Row],[Proveedor (código)]],[2]Proveedores!A:B,2,FALSE)) -> #REF! | D7: Arverja partida 20 kg | E7: Menestras | I7: 4 | J7: =SUMIFS(Entradas!G:G,Entradas!E:E,Artículos[[#This Row],[Código]]) -> 0 | K7: =SUMIFS(Salidas!G:G,Salidas!E:E,Artículos[[#This Row],[Código]]) -> 0 | L7: =Artículos[[#This Row],[Existencias iniciales]]+Artículos[[#This Row],[Entradas]]-Artículos[[#This Row],[Salidas]] -> 4 | M7: Maizena
A8: 0006ME | B8: 1 | C8: =IF([2]!Artículos4[[#This Row],[Proveedor (código)]]="","",VLOOKUP([2]!Artículos4[[#This Row],[Proveedor (código)]],[2]Proveedores!A:B,2,FALSE)) -> #REF! | D8: Frejol Bayo 500 gr | E8: Menestras | F8: 4.5 | J8: =SUMIFS(Entradas!G:G,Entradas!E:E,Artículos[[#This Row],[Código]]) -> 0 | K8: =SUMIFS(Salidas!G:G,Salidas!E:E,Artículos[[#This Row],[Código]]) -> 0 | L8: =Artículos[[#This Row],[Existencias iniciales]]+Artículos[[#This Row],[Entradas]]-Artículos[[#This Row],[Salidas]] -> 0 | M8: Mazamorra
A9: 0007ME | B9: 1 | C9: =IF([2]!Artículos4[[#This Row],[Proveedor (código)]]="","",VLOOKUP([2]!Artículos4[[#This Row],[Proveedor (código)]],[2]Proveedores!A:B,2,FALSE)) -> #REF! | D9: Frejol Bayo 1 kl | E9: Menestras | F9: 6.5 | J9: =SUMIFS(Entradas!G:G,Entradas!E:E,Artículos[[#This Row],[Código]]) -> 0 | K9: =SUMIFS(Salidas!G:G,Salidas!E:E,Artículos[[#This Row],[Código]]) -> 0 | L9: =Artículos[[#This Row],[Existencias iniciales]]+Artículos[[#This Row],[Entradas]]-Artículos[[#This Row],[Salidas]] -> 0 | M9: Mermelada
A10: 0008ME | C10: =IF([2]!Artículos4[[#This Row],[Proveedor (código)]]="","",VLOOKUP([2]!Artículos4[[#This Row],[Proveedor (código)]],[2]Proveedores!A:B,2,FALSE)) -> #REF! | D10: Frejol Caballero 5 kl | E10: Menestras | J10: =SUMIFS(Entradas!G:G,Entradas!E:E,Artículos[[#This Row],[Código]]) -> 0 | K10: =SUMIFS(Salidas!G:G,Salidas!E:E,Artículos[[#This Row],[Código]]) -> 0 | L10: =Artículos[[#This Row],[Existencias iniciales]]+Artículos[[#This Row],[Entradas]]-Artículos[[#This Row],[Salidas]] -> 0 | M10: Cocoa
A11: 0009ME | B11: 1 | C11: =IF([2]!Artículos4[[#This Row],[Proveedor (código)]]="","",VLOOKUP([2]!Artículos4[[#This Row],[Proveedor (código)]],[2]Proveedores!A:B,2,FALSE)) -> #REF! | D11: Frejol Caballero 500 gr | E11: Menestras | J11: =SUMIFS(Entradas!G:G,Entradas!E:E,Artículos[[#This Row],[Código]]) -> 0 | K11: =SUMIFS(Salidas!G:G,Salidas!E:E,Artículos[[#This Row],[Código]]) -> 0 | L11: =Artículos[[#This Row],[Existencias iniciales]]+Artículos[[#This Row],[Entradas]]-Artículos[[#This Row],[Salidas]] -> 0 | M11: Cocoa
A12: 0010ME | B12: 1 | C12: =IF([2]!Artículos4[[#This Row],[Proveedor (código)]]="","",VLOOKUP([2]!Artículos4[[#This Row],[Proveedor (código)]],[2]Proveedores!A:B,2,FALSE)) -> #REF! | D12: Frejol Caballlero 1 kg | E12: Menestras | J12: =SUMIFS(Entradas!G:G,Entradas!E:E,Artículos[[#This Row],[Código]]) -> 0 | K12: =SUMIFS(Salidas!G:G,Salidas!E:E,Artículos[[#This Row],[Código]]) -> 0 | L12: =Artículos[[#This Row],[Existencias iniciales]]+Artículos[[#This Row],[Entradas]]-Artículos[[#This Row],[Salidas]] -> 0 | M12: Menestras
A13: 0011ME | C13: =IF([2]!Artículos4[[#This Row],[Proveedor (código)]]="","",VLOOKUP([2]!Artículos4[[#This Row],[Proveedor (código)]],[2]Proveedores!A:B,2,FALSE)) -> #REF! | D13: Frejol Caballero 5 kg | E13: Menestras | J13: =SUMIFS(Entradas!G:G,Entradas!E:E,Artículos[[#This Row],[Código]]) -> 0 | K13: =SUMIFS(Salidas!G:G,Salidas!E:E,Artículos[[#This Row],[Código]]) -> 0 | L13: =Artículos[[#This Row],[Existencias iniciales]]+Artículos[[#This Row],[Entradas]]-Artículos[[#This Row],[Salidas]] -> 0 | M13: Especies
A14: 0012ME | B14: 1 | C14: =IF([2]!Artículos4[[#This Row],[Proveedor (código)]]="","",VLOOKUP([2]!Artículos4[[#This Row],[Proveedor (código)]],[2]Proveedores!A:B,2,FALSE)) -> #REF! | D14: Frejol Caballlero 10 kl | E14: Menestras | J14: =SUMIFS(Entradas!G:G,Entradas!E:E,Artículos[[#This Row],[Código]]) -> 0 | K14: =SUMIFS(Salidas!G:G,Salidas!E:E,Artículos[[#This Row],[Código]]) -> 0 | L14: =Artículos[[#This Row],[Existencias iniciales]]+Artículos[[#This Row],[Entradas]]-Artículos[[#This Row],[Salidas]] -> 0 | M14: Especies
A15: 0013ME | B15: 1 | C15: =IF([2]!Artículos4[[#This Row],[Proveedor (código)]]="","",VLOOKUP([2]!Artículos4[[#This Row],[Proveedor (código)]],[2]Proveedores!A:B,2,FALSE)) -> #REF! | D15: Frejol Canario 500 gr | E15: Menestras | F15: 7.9 | I15: 4 | J15: =SUMIFS(Entradas!G:G,Entradas!E:E,Artículos[[#This Row],[Código]]) -> 2 | K15: =SUMIFS(Salidas!G:G,Salidas!E:E,Artículos[[#This Row],[Código]]) -> 0 | L15: =Artículos[[#This Row],[Existencias iniciales]]+Artículos[[#This Row],[Entradas]]-Artículos[[#This Row],[Salidas]] -> 6 | M15: Menestras
A16: 0014ME | C16: =IF([2]!Artículos4[[#This Row],[Proveedor (código)]]="","",VLOOKUP([2]!Artículos4[[#This Row],[Proveedor (código)]],[2]Proveedores!A:B,2,FALSE)) -> #REF! | D16: Frejol Canario 1 kg | E16: Menestras | I16: 17 | J16: =SUMIFS(Entradas!G:G,Entradas!E:E,Artículos[[#This Row],[Código]]) -> 0 | K16: =SUMIFS(Salidas!G:G,Salidas!E:E,Artículos[[#This Row],[Código]]) -> 0 | L16: =Artículos[[#This Row],[Existencias iniciales]]+Artículos[[#This Row],[Entradas]]-Artículos[[#This Row],[Salidas]] -> 17 | M16: Menestras
A17: 0015ME | B17: 1 | C17: =IF([2]!Artículos4[[#This Row],[Proveedor (código)]]="","",VLOOKUP([2]!Artículos4[[#This Row],[Proveedor (código)]],[2]Proveedores!A:B,2,FALSE)) -> #REF! | D17: Frejol Canario 5kg | E17: Menestras | I17: 19 | J17: =SUMIFS(Entradas!G:G,Entradas!E:E,Artículos[[#This Row],[Código]]) -> 0 | K17: =SUMIFS(Salidas!G:G,Salidas!E:E,Artículos[[#This Row],[Código]]) -> 0 | L17: =Artículos[[#This Row],[Existencias iniciales]]+Artículos[[#This Row],[Entradas]]-Artículos[[#This Row],[Salidas]] -> 19 | M17: Menestras
A18: 0016ME | B18: 1 | C18: =IF([2]!Artículos4[[#This Row],[Proveedor (código)]]="","",VLOOKUP([2]!Artículos4[[#This Row],[Proveedor (código)]],[2]Proveedores!A:B,2,FALSE)) -> #REF! | D18: Frejol Canario 10 | E18: Menestras | I18: 5 | J18: =SUMIFS(Entradas!G:G,Entradas!E:E,Artículos[[#This Row],[Código]]) -> 0 | K18: =SUMIFS(Salidas!G:G,Salidas!E:E,Artículos[[#This Row],[Código]]) -> 0 | L18: =Artículos[[#This Row],[Existencias iniciales]]+Artículos[[#This Row],[Entradas]]-Artículos[[#This Row],[Salidas]] -> 5 | M18: Menestras
A19: 0017ME | B19: 1 | C19: =IF([2]!Artículos4[[#This Row],[Proveedor (código)]]="","",VLOOKUP([2]!Artículos4[[#This Row],[Proveedor (código)]],[2]Proveedores!A:B,2,FALSE)) -> #REF! | D19: Frejol Castilla 500 gr | E19: Menestras | J19: =SUMIFS(Entradas!G:G,Entradas!E:E,Artículos[[#This Row],[Código]]) -> 0 | K19: =SUMIFS(Salidas!G:G,Salidas!E:E,Artículos[[#This Row],[Código]]) -> 0 | L19: =Artículos[[#This Row],[Existencias iniciales]]+Artículos[[#This Row],[Entradas]]-Artículos[[#This Row],[Salidas]] -> 0 | M19: Paneton
A20: 0018ME | B20: 1 | C20: =IF([2]!Artículos4[[#This Row],[Proveedor (código)]]="","",VLOOKUP([2]!Artículos4[[#This Row],[Proveedor (código)]],[2]Proveedores!A:B,2,FALSE)) -> #REF! | D20: Frejol Castilla 1 kg | E20: Menestras | J20: =SUMIFS(Entradas!G:G,Entradas!E:E,Artículos[[#This Row],[Código]]) -> 0 | K20: =SUMIFS(Salidas!G:G,Salidas!E:E,Artículos[[#This Row],[Código]]) -> 3 | L20: =Artículos[[#This Row],[Existencias iniciales]]+Artículos[[#This Row],[Entradas]]-Artículos[[#This Row],[Salidas]] -> -3 | M20: Menestras
A21: 0019ME | B21: 1 | C21: =IF([2]!Artículos4[[#This Row],[Proveedor (código)]]="","",VLOOKUP([2]!Artículos4[[#This Row],[Proveedor (código)]],[2]Proveedores!A:B,2,FALSE)) -> #REF! | D21: Frejol Castilla 5 kl | E21: Menestras | I21: 5 | J21: =SUMIFS(Entradas!G:G,Entradas!E:E,Artículos[[#This Row],[Código]]) -> 0 | K21: =SUMIFS(Salidas!G:G,Salidas!E:E,Artículos[[#This Row],[Código]]) -> 0 | L21: =Artículos[[#This Row],[Existencias iniciales]]+Artículos[[#This Row],[Entradas]]-Artículos[[#This Row],[Salidas]] -> 5 | M21: Menestras
A22: 0020ME | B22: 1 | C22: =IF([2]!Artículos4[[#This Row],[Proveedor (código)]]="","",VLOOKUP([2]!Artículos4[[#This Row],[Proveedor (código)]],[2]Proveedores!A:B,2,FALSE)) -> #REF! | D22: Frejol Castilla 10 kg | E22: Menestras | J22: =SUMIFS(Entradas!G:G,Entradas!E:E,Artículos[[#This Row],[Código]]) -> 0 | K22: =SUMIFS(Salidas!G:G,Salidas!E:E,Artículos[[#This Row],[Código]]) -> 0 | L22: =Artículos[[#This Row],[Existencias iniciales]]+Artículos[[#This Row],[Entradas]]-Artículos[[#This Row],[Salidas]] -> 0 | M22: Menestras
A23: 0021ME | C23: =IF([2]!Artículos4[[#This Row],[Proveedor (código)]]="","",VLOOKUP([2]!Artículos4[[#This Row],[Proveedor (código)]],[2]Proveedores!A:B,2,FALSE)) -> #REF! | D23: Frejol Negro 500 gr | E23: Menestras | F23: 5.91 | J23: =SUMIFS(Entradas!G:G,Entradas!E:E,Artículos[[#This Row],[Código]]) -> 2 | K23: =SUMIFS(Salidas!G:G,Salidas!E:E,Artículos[[#This Row],[Código]]) -> 0 | L23: =Artículos[[#This Row],[Existencias iniciales]]+Artículos[[#This Row],[Entradas]]-Artículos[[#This Row],[Salidas]] -> 2 | M23: Menestras
A24: 0022ME | C24: =IF([2]!Artículos4[[#This Row],[Proveedor (código)]]="","",VLOOKUP([2]!Artículos4[[#This Row],[Proveedor (código)]],[2]Proveedores!A:B,2,FALSE)) -> #REF! | D24: Frejol Negro 1 kl | E24: Menestras | J24: =SUMIFS(Entradas!G:G,Entradas!E:E,Artículos[[#This Row],[Código]]) -> 0 | K24: =SUMIFS(Salidas!G:G,Salidas!E:E,Artículos[[#This Row],[Código]]) -> 0 | L24: =Artículos[[#This Row],[Existencias iniciales]]+Artículos[[#This Row],[Entradas]]-Artículos[[#This Row],[Salidas]] -> 0 | M24: Menestras
A25: 0023ME | C25: =IF([2]!Artículos4[[#This Row],[Proveedor (código)]]="","",VLOOKUP([2]!Artículos4[[#This Row],[Proveedor (código)]],[2]Proveedores!A:B,2,FALSE)) -> #REF! | D25: Frejol Negro 5 kl | E25: Menestras | I25: 1 | J25: =SUMIFS(Entradas!G:G,Entradas!E:E,Artículos[[#This Row],[Código]]) -> 0 | K25: =SUMIFS(Salidas!G:G,Salidas!E:E,Artículos[[#This Row],[Código]]) -> 0 | L25: =Artículos[[#This Row],[Existencias iniciales]]+Artículos[[#This Row],[Entradas]]-Artículos[[#This Row],[Salidas]] -> 1 | M25: Menestras
A26: 0024ME | D26: Frejol Panamito 500 gr | E26: Menestras | F26: 6.89 | I26: 6 | J26: =SUMIFS(Entradas!G:G,Entradas!E:E,Artículos[[#This Row],[Código]]) -> 1 | K26: =SUMIFS(Salidas!G:G,Salidas!E:E,Artículos[[#This Row],[Código]]) -> 0 | L26: =Artículos[[#This Row],[Existencias iniciales]]+Artículos[[#This Row],[Entradas]]-Artículos[[#This Row],[Salidas]] -> 7 | M26: Menestras
A27: 0025ME | C27: =IF([2]!Artículos4[[#This Row],[Proveedor (código)]]="","",VLOOKUP([2]!Artículos4[[#This Row],[Proveedor (código)]],[2]Proveedores!A:B,2,FALSE)) -> #REF! | D27: Frejol Panamito 1 kg | E27: Menestras | I27: 4 | J27: =SUMIFS(Entradas!G:G,Entradas!E:E,Artículos[[#This Row],[Código]]) -> 0 | K27: =SUMIFS(Salidas!G:G,Salidas!E:E,Artículos[[#This Row],[Código]]) -> 0 | L27: =Artículos[[#This Row],[Existencias iniciales]]+Artículos[[#This Row],[Entradas]]-Artículos[[#This Row],[Salidas]] -> 4 | M27: Salsa de Tomate
A28: 0026ME | C28: =IF([2]!Artículos4[[#This Row],[Proveedor (código)]]="","",VLOOKUP([2]!Artículos4[[#This Row],[Proveedor (código)]],[2]Proveedores!A:B,2,FALSE)) -> #REF! | D28: Frejol Panamito 5 kg | E28: Menestras | I28: 1 | J28: =SUMIFS(Entradas!G:G,Entradas!E:E,Artículos[[#This Row],[Código]]) -> 0 | K28: =SUMIFS(Salidas!G:G,Salidas!E:E,Artículos[[#This Row],[Código]]) -> 0 | L28: =Artículos[[#This Row],[Existencias iniciales]]+Artículos[[#This Row],[Entradas]]-Artículos[[#This Row],[Salidas]] -> 1
A29: 0027ME | C29: =IF([2]!Artículos4[[#This Row],[Proveedor (código)]]="","",VLOOKUP([2]!Artículos4[[#This Row],[Proveedor (código)]],[2]Proveedores!A:B,2,FALSE)) -> #REF! | D29: Frejol Panamito 10 kg | E29: Menestras | I29: 2 | J29: =SUMIFS(Entradas!G:G,Entradas!E:E,Artículos[[#This Row],[Código]]) -> 0 | K29: =SUMIFS(Salidas!G:G,Salidas!E:E,Artículos[[#This Row],[Código]]) -> 0 | L29: =Artículos[[#This Row],[Existencias iniciales]]+Artículos[[#This Row],[Entradas]]-Artículos[[#This Row],[Salidas]] -> 2
A30: 0028ME | C30: =IF([2]!Artículos4[[#This Row],[Proveedor (código)]]="","",VLOOKUP([2]!Artículos4[[#This Row],[Proveedor (código)]],[2]Proveedores!A:B,2,FALSE)) -> #REF! | D30: Frejol Rojo 500 gr | E30: Menestras | F30: 6.7 | I30: 1 | J30: =SUMIFS(Entradas!G:G,Entradas!E:E,Artículos[[#This Row],[Código]]) -> 0 | K30: =SUMIFS(Salidas!G:G,Salidas!E:E,Artículos[[#This Row],[Código]]) -> 0 | L30: =Artículos[[#This Row],[Existencias iniciales]]+Artículos[[#This Row],[Entradas]]-Artículos[[#This Row],[Salidas]] -> 1
A31: 0029ME | C31: =IF([2]!Artículos4[[#This Row],[Proveedor (código)]]="","",VLOOKUP([2]!Artículos4[[#This Row],[Proveedor (código)]],[2]Proveedores!A:B,2,FALSE)) -> #REF! | D31: Frejol Rojo 1 kl | E31: Menestras | J31: =SUMIFS(Entradas!G:G,Entradas!E:E,Artículos[[#This Row],[Código]]) -> 0 | K31: =SUMIFS(Salidas!G:G,Salidas!E:E,Artículos[[#This Row],[Código]]) -> 0 | L31: =Artículos[[#This Row],[Existencias iniciales]]+Artículos[[#This Row],[Entradas]]-Artículos[[#This Row],[Salidas]] -> 0
A32: 0030ME | C32: =IF([2]!Artículos4[[#This Row],[Proveedor (código)]]="","",VLOOKUP([2]!Artículos4[[#This Row],[Proveedor (código)]],[2]Proveedores!A:B,2,FALSE)) -> #REF! | D32: Garbanzo 500gr | E32: Menestras | I32: 11 | J32: =SUMIFS(Entradas!G:G,Entradas!E:E,Artículos[[#This Row],[Código]]) -> 3 | K32: =SUMIFS(Salidas!G:G,Salidas!E:E,Artículos[[#This Row],[Código]]) -> 0 | L32: =Artículos[[#This Row],[Existencias iniciales]]+Artículos[[#This Row],[Entradas]]-Artículos[[#This Row],[Salidas]] -> 14
A33: 0031ME | C33: =IF([2]!Artículos4[[#This Row],[Proveedor (código)]]="","",VLOOKUP([2]!Artículos4[[#This Row],[Proveedor (código)]],[2]Proveedores!A:B,2,FALSE)) -> #REF! | D33: Garbanzo 1 kl | E33: Menestras | I33: 4 | J33: =SUMIFS(Entradas!G:G,Entradas!E:E,Artículos[[#This Row],[Código]]) -> 0 | K33: =SUMIFS(Salidas!G:G,Salidas!E:E,Artículos[[#This Row],[Código]]) -> 0 | L33: =Artículos[[#This Row],[Existencias iniciales]]+Artículos[[#This Row],[Entradas]]-Artículos[[#This Row],[Salidas]] -> 4
A34: 0032ME | C34: =IF([2]!Artículos4[[#This Row],[Proveedor (código)]]="","",VLOOKUP([2]!Artículos4[[#This Row],[Proveedor (código)]],[2]Proveedores!A:B,2,FALSE)) -> #REF! | D34: Garbanzo 5 kg | E34: Menestras | J34: =SUMIFS(Entradas!G:G,Entradas!E:E,Artículos[[#This Row],[Código]]) -> 0 | K34: =SUMIFS(Salidas!G:G,Salidas!E:E,Artículos[[#This Row],[Código]]) -> 0 | L34: =Artículos[[#This Row],[Existencias iniciales]]+Artículos[[#This Row],[Entradas]]-Artículos[[#This Row],[Salidas]] -> 0
A35: 0033ME | C35: =IF([2]!Artículos4[[#This Row],[Proveedor (código)]]="","",VLOOKUP([2]!Artículos4[[#This Row],[Proveedor (código)]],[2]Proveedores!A:B,2,FALSE)) -> #REF! | D35: Garbanzo 10 kg | E35: Menestras | J35: =SUMIFS(Entradas!G:G,Entradas!E:E,Artículos[[#This Row],[Código]]) -> 0 | K35: =SUMIFS(Salidas!G:G,Salidas!E:E,Artículos[[#This Row],[Código]]) -> 0 | L35: =Artículos[[#This Row],[Existencias iniciales]]+Artículos[[#This Row],[Entradas]]-Artículos[[#This Row],[Salidas]] -> 0
A36: 0034ME | C36: =IF([2]!Artículos4[[#This Row],[Proveedor (código)]]="","",VLOOKUP([2]!Artículos4[[#This Row],[Proveedor (código)]],[2]Proveedores!A:B,2,FALSE)) -> #REF! | D36: Lenteja 500 gr | E36: Menestras | F36: 2.92 | I36: 43 | J36: =SUMIFS(Entradas!G:G,Entradas!E:E,Artículos[[#This Row],[Código]]) -> 3 | K36: =SUMIFS(Salidas!G:G,Salidas!E:E,Artículos[[#This Row],[Código]]) -> 9 | L36: =Artículos[[#This Row],[Existencias iniciales]]+Artículos[[#This Row],[Entradas]]-Artículos[[#This Row],[Salidas]] -> 37
A37: 0035ME | C37: =IF([2]!Artículos4[[#This Row],[Proveedor (código)]]="","",VLOOKUP([2]!Artículos4[[#This Row],[Proveedor (código)]],[2]Proveedores!A:B,2,FALSE)) -> #REF! | D37: Lenteja 1 kg | E37: Menestras | I37: 22 | J37: =SUMIFS(Entradas!G:G,Entradas!E:E,Artículos[[#This Row],[Código]]) -> 0 | K37: =SUMIFS(Salidas!G:G,Salidas!E:E,Artículos[[#This Row],[Código]]) -> 5 | L37: =Artículos[[#This Row],[Existencias iniciales]]+Artículos[[#This Row],[Entradas]]-Artículos[[#This Row],[Salidas]] -> 17
A38: 0036ME | C38: =IF([2]!Artículos4[[#This Row],[Proveedor (código)]]="","",VLOOKUP([2]!Artículos4[[#This Row],[Proveedor (código)]],[2]Proveedores!A:B,2,FALSE)) -> #REF! | D38: Lenteja 5kg | E38: Menestras | I38: 8 | J38: =SUMIFS(Entradas!G:G,Entradas!E:E,Artículos[[#This Row],[Código]]) -> 0 | K38: =SUMIFS(Salidas!G:G,Salidas!E:E,Artículos[[#This Row],[Código]]) -> 0 | L38: =Artículos[[#This Row],[Existencias iniciales]]+Artículos[[#This Row],[Entradas]]-Artículos[[#This Row],[Salidas]] -> 8
A39: 0037ME | C39: =IF([2]!Artículos4[[#This Row],[Proveedor (código)]]="","",VLOOKUP([2]!Artículos4[[#This Row],[Proveedor (código)]],[2]Proveedores!A:B,2,FALSE)) -> #REF! | D39: Lenteja 10 kg | E39: Menestras | I39: 12 | J39: =SUMIFS(Entradas!G:G,Entradas!E:E,Artículos[[#This Row],[Código]]) -> 0 | K39: =SUMIFS(Salidas!G:G,Salidas!E:E,Artículos[[#This Row],[Código]]) -> 0 | L39: =Artículos[[#This Row],[Existencias iniciales]]+Artículos[[#This Row],[Entradas]]-Artículos[[#This Row],[Salidas]] -> 12
A40: 0038ME | C40: =IF([2]!Artículos4[[#This Row],[Proveedor (código)]]="","",VLOOKUP([2]!Artículos4[[#This Row],[Proveedor (código)]],[2]Proveedores!A:B,2,FALSE)) -> #REF! | D40: Lenteja 50 kg | E40: Menestras | J40: =SUMIFS(Entradas!G:G,Entradas!E:E,Artículos[[#This Row],[Código]]) -> 0 | K40: =SUMIFS(Salidas!G:G,Salidas!E:E,Artículos[[#This Row],[Código]]) -> 0 | L40: =Artículos[[#This Row],[Existencias iniciales]]+Artículos[[#This Row],[Entradas]]-Artículos[[#This Row],[Salidas]] -> 0
A41: 0039ME | C41: =IF([2]!Artículos4[[#This Row],[Proveedor (código)]]="","",VLOOKUP([2]!Artículos4[[#This Row],[Proveedor (código)]],[2]Proveedores!A:B,2,FALSE)) -> #REF! | D41: Lenteja BB 500 gr | E41: Menestras | F41: 5.05 | J41: =SUMIFS(Entradas!G:G,Entradas!E:E,Artículos[[#This Row],[Código]]) -> 8 | K41: =SUMIFS(Salidas!G:G,Salidas!E:E,Artículos[[#This Row],[Código]]) -> 0 | L41: =Artículos[[#This Row],[Existencias iniciales]]+Artículos[[#This Row],[Entradas]]-Artículos[[#This Row],[Salidas]] -> 8
A42: 0040ME | C42: =IF([2]!Artículos4[[#This Row],[Proveedor (código)]]="","",VLOOKUP([2]!Artículos4[[#This Row],[Proveedor (código)]],[2]Proveedores!A:B,2,FALSE)) -> #REF! | D42: Lenteja BB 1 kl | E42: Menestras | J42: =SUMIFS(Entradas!G:G,Entradas!E:E,Artículos[[#This Row],[Código]]) -> 0 | K42: =SUMIFS(Salidas!G:G,Salidas!E:E,Artículos[[#This Row],[Código]]) -> 0 | L42: =Artículos[[#This Row],[Existencias iniciales]]+Artículos[[#This Row],[Entradas]]-Artículos[[#This Row],[Salidas]] -> 0
A43: 0041ME | C43: =IF([2]!Artículos4[[#This Row],[Proveedor (código)]]="","",VLOOKUP([2]!Artículos4[[#This Row],[Proveedor (código)]],[2]Proveedores!A:B,2,FALSE)) -> #REF! | D43: Lenteja BB 10 kl | E43: Menestras | J43: =SUMIFS(Entradas!G:G,Entradas!E:E,Artículos[[#This Row],[Código]]) -> 0 | K43: =SUMIFS(Salidas!G:G,Salidas!E:E,Artículos[[#This Row],[Código]]) -> 0 | L43: =Artículos[[#This Row],[Existencias iniciales]]+Artículos[[#This Row],[Entradas]]-Artículos[[#This Row],[Salidas]] -> 0
A44: 0043ME | C44: =IF([2]!Artículos4[[#This Row],[Proveedor (código)]]="","",VLOOKUP([2]!Artículos4[[#This Row],[Proveedor (código)]],[2]Proveedores!A:B,2,FALSE)) -> #REF! | D44: Maiz Cancha 500 gr | E44: Menestras | J44: =SUMIFS(Entradas!G:G,Entradas!E:E,Artículos[[#This Row],[Código]]) -> 1 | K44: =SUMIFS(Salidas!G:G,Salidas!E:E,Artículos[[#This Row],[Código]]) -> 0 | L44: =Artículos[[#This Row],[Existencias iniciales]]+Artículos[[#This Row],[Entradas]]-Artículos[[#This Row],[Salidas]] -> 1
A45: 0044ME | C45: =IF([2]!Artículos4[[#This Row],[Proveedor (código)]]="","",VLOOKUP([2]!Artículos4[[#This Row],[Proveedor (código)]],[2]Proveedores!A:B,2,FALSE)) -> #REF! | D45: Maiz Cancha 1 kl | E45: Menestras | J45: =SUMIFS(Entradas!G:G,Entradas!E:E,Artículos[[#This Row],[Código]]) -> 0 | K45: =SUMIFS(Salidas!G:G,Salidas!E:E,Artículos[[#This Row],[Código]]) -> 0 | L45: =Artículos[[#This Row],[Existencias iniciales]]+Artículos[[#This Row],[Entradas]]-Artículos[[#This Row],[Salidas]] -> 0
A46: 0045ME | C46: =IF([2]!Artículos4[[#This Row],[Proveedor (código)]]="","",VLOOKUP([2]!Artículos4[[#This Row],[Proveedor (código)]],[2]Proveedores!A:B,2,FALSE)) -> #REF! | D46: Mazi Cancha 5 kg | E46: Menestras | J46: =SUMIFS(Entradas!G:G,Entradas!E:E,Artículos[[#This Row],[Código]]) -> 0 | K46: =SUMIFS(Salidas!G:G,Salidas!E:E,Artículos[[#This Row],[Código]]) -> 0 | L46: =Artículos[[#This Row],[Existencias iniciales]]+Artículos[[#This Row],[Entradas]]-Artículos[[#This Row],[Salidas]] -> 0
A47: 0046ME | C47: =IF([2]!Artículos4[[#This Row],[Proveedor (código)]]="","",VLOOKUP([2]!Artículos4[[#This Row],[Proveedor (código)]],[2]Proveedores!A:B,2,FALSE)) -> #REF! | D47: Moron 500 gr | E47: Menestras | I47: 1 | J47: =SUMIFS(Entradas!G:G,Entradas!E:E,Artículos[[#This Row],[Código]]) -> 1 | K47: =SUMIFS(Salidas!G:G,Salidas!E:E,Artículos[[#This Row],[Código]]) -> 2.5 | L47: =Artículos[[#This Row],[Existencias iniciales]]+Artículos[[#This Row],[Entradas]]-Artículos[[#This Row],[Salidas]] -> -0.5
A48: 0047ME | C48: =IF([2]!Artículos4[[#This Row],[Proveedor (código)]]="","",VLOOKUP([2]!Artículos4[[#This Row],[Proveedor (código)]],[2]Proveedores!A:B,2,FALSE)) -> #REF! | D48: Moron 1 kl | E48: Menestras | J48: =SUMIFS(Entradas!G:G,Entradas!E:E,Artículos[[#This Row],[Código]]) -> 0.75 | K48: =SUMIFS(Salidas!G:G,Salidas!E:E,Artículos[[#This Row],[Código]]) -> 3.5 | L48: =Artículos[[#This Row],[Existencias iniciales]]+Artículos[[#This Row],[Entradas]]-Artículos[[#This Row],[Salidas]] -> -2.75
A49: 0048ME | C49: =IF([2]!Artículos4[[#This Row],[Proveedor (código)]]="","",VLOOKUP([2]!Artículos4[[#This Row],[Proveedor (código)]],[2]Proveedores!A:B,2,FALSE)) -> #REF! | D49: Moron 5kl | E49: Menestras | I49: 4 | J49: =SUMIFS(Entradas!G:G,Entradas!E:E,Artículos[[#This Row],[Código]]) -> 0 | K49: =SUMIFS(Salidas!G:G,Salidas!E:E,Artículos[[#This Row],[Código]]) -> 0 | L49: =Artículos[[#This Row],[Existencias iniciales]]+Artículos[[#This Row],[Entradas]]-Artículos[[#This Row],[Salidas]] -> 4
A50: 0049ME | C50: =IF([2]!Artículos4[[#This Row],[Proveedor (código)]]="","",VLOOKUP([2]!Artículos4[[#This Row],[Proveedor (código)]],[2]Proveedores!A:B,2,FALSE)) -> #REF! | D50: Moron 10 kl | E50: Menestras | J50: =SUMIFS(Entradas!G:G,Entradas!E:E,Artículos[[#This Row],[Código]]) -> 0 | K50: =SUMIFS(Salidas!G:G,Salidas!E:E,Artículos[[#This Row],[Código]]) -> 0 | L50: =Artículos[[#This Row],[Existencias iniciales]]+Artículos[[#This Row],[Entradas]]-Artículos[[#This Row],[Salidas]] -> 0
A51: 0050ME | C51: =IF([2]!Artículos4[[#This Row],[Proveedor (código)]]="","",VLOOKUP([2]!Artículos4[[#This Row],[Proveedor (código)]],[2]Proveedores!A:B,2,FALSE)) -> #REF! | D51: Moron partido 500 gr | E51: Menestras | J51: =SUMIFS(Entradas!G:G,Entradas!E:E,Artículos[[#This Row],[Código]]) -> 0 | K51: =SUMIFS(Salidas!G:G,Salidas!E:E,Artículos[[#This Row],[Código]]) -> 0 | L51: =Artículos[[#This Row],[Existencias iniciales]]+Artículos[[#This Row],[Entradas]]-Artículos[[#This Row],[Salidas]] -> 0
A52: 0051ME | B52: 1 | C52: =IF([2]!Artículos4[[#This Row],[Proveedor (código)]]="","",VLOOKUP([2]!Artículos4[[#This Row],[Proveedor (código)]],[2]Proveedores!A:B,2,FALSE)) -> #REF! | D52: Pallar 500 gr | E52: Menestras | I52: 12 | J52: =SUMIFS(Entradas!G:G,Entradas!E:E,Artículos[[#This Row],[Código]]) -> 8 | K52: =SUMIFS(Salidas!G:G,Salidas!E:E,Artículos[[#This Row],[Código]]) -> 6 | L52: =Artículos[[#This Row],[Existencias iniciales]]+Artículos[[#This Row],[Entradas]]-Artículos[[#This Row],[Salidas]] -> 14
A53: 0052ME | B53: 1 | C53: =IF([2]!Artículos4[[#This Row],[Proveedor (código)]]="","",VLOOKUP([2]!Artículos4[[#This Row],[Proveedor (código)]],[2]Proveedores!A:B,2,FALSE)) -> #REF! | D53: Pallar 1 kl | E53: Menestras | I53: 12 | J53: =SUMIFS(Entradas!G:G,Entradas!E:E,Artículos[[#This Row],[Código]]) -> 0 | K53: =SUMIFS(Salidas!G:G,Salidas!E:E,Artículos[[#This Row],[Código]]) -> 3 | L53: =Artículos[[#This Row],[Existencias iniciales]]+Artículos[[#This Row],[Entradas]]-Artículos[[#This Row],[Salidas]] -> 9
A54: 0053ME | C54: =IF([2]!Artículos4[[#This Row],[Proveedor (código)]]="","",VLOOKUP([2]!Artículos4[[#This Row],[Proveedor (código)]],[2]Proveedores!A:B,2,FALSE)) -> #REF! | D54: Pallar 5 kg | E54: Menestras | I54: 4 | J54: =SUMIFS(Entradas!G:G,Entradas!E:E,Artículos[[#This Row],[Código]]) -> 0 | K54: =SUMIFS(Salidas!G:G,Salidas!E:E,Artículos[[#This Row],[Código]]) -> 0 | L54: =Artículos[[#This Row],[Existencias iniciales]]+Artículos[[#This Row],[Entradas]]-Artículos[[#This Row],[Salidas]] -> 4
A55: 0054ME | B55: 1 | C55: =IF([2]!Artículos4[[#This Row],[Proveedor (código)]]="","",VLOOKUP([2]!Artículos4[[#This Row],[Proveedor (código)]],[2]Proveedores!A:B,2,FALSE)) -> #REF! | D55: Pallar 10 kg | E55: Menestras | I55: 3 | J55: =SUMIFS(Entradas!G:G,Entradas!E:E,Artículos[[#This Row],[Código]]) -> 0 | K55: =SUMIFS(Salidas!G:G,Salidas!E:E,Artículos[[#This Row],[Código]]) -> 0 | L55: =Artículos[[#This Row],[Existencias iniciales]]+Artículos[[#This Row],[Entradas]]-Artículos[[#This Row],[Salidas]] -> 3
A56: 0055ME | B56: 1 | C56: =IF([2]!Artículos4[[#This Row],[Proveedor (código)]]="","",VLOOKUP([2]!Artículos4[[#This Row],[Proveedor (código)]],[2]Proveedores!A:B,2,FALSE)) -> #REF! | D56: Pallar BB 10 kl | E56: Menestras | J56: =SUMIFS(Entradas!G:G,Entradas!E:E,Artículos[[#This Row],[Código]]) -> 0 | K56: =SUMIFS(Salidas!G:G,Salidas!E:E,Artículos[[#This Row],[Código]]) -> 0 | L56: =Artículos[[#This Row],[Existencias iniciales]]+Artículos[[#This Row],[Entradas]]-Artículos[[#This Row],[Salidas]] -> 0
A57: 0056ME | B57: 1 | C57: =IF([2]!Artículos4[[#This Row],[Proveedor (código)]]="","",VLOOKUP([2]!Artículos4[[#This Row],[Proveedor (código)]],[2]Proveedores!A:B,2,FALSE)) -> #REF! | D57: Pallar BB 5 kl | E57: Menestras | J57: =SUMIFS(Entradas!G:G,Entradas!E:E,Artículos[[#This Row],[Código]]) -> 0 | K57: =SUMIFS(Salidas!G:G,Salidas!E:E,Artículos[[#This Row],[Código]]) -> 0 | L57: =Artículos[[#This Row],[Existencias iniciales]]+Artículos[[#This Row],[Entradas]]-Artículos[[#This Row],[Salidas]] -> 0
A58: 0057ME | B58: 1 | C58: =IF([2]!Artículos4[[#This Row],[Proveedor (código)]]="","",VLOOKUP([2]!Artículos4[[#This Row],[Proveedor (código)]],[2]Proveedores!A:B,2,FALSE)) -> #REF! | D58: Pallar BB 500 gr | E58: Menestras | J58: =SUMIFS(Entradas!G:G,Entradas!E:E,Artículos[[#This Row],[Código]]) -> 0 | K58: =SUMIFS(Salidas!G:G,Salidas!E:E,Artículos[[#This Row],[Código]]) -> 0 | L58: =Artículos[[#This Row],[Existencias iniciales]]+Artículos[[#This Row],[Entradas]]-Artículos[[#This Row],[Salidas]] -> 0
A59: 0058ME | C59: =IF([2]!Artículos4[[#This Row],[Proveedor (código)]]="","",VLOOKUP([2]!Artículos4[[#This Row],[Proveedor (código)]],[2]Proveedores!A:B,2,FALSE)) -> #REF! | D59: Papa Seca 500 gr | E59: Menestras | F59: 5.79 | I59: 3 | J59: =SUMIFS(Entradas!G:G,Entradas!E:E,Artículos[[#This Row],[Código]]) -> 9 | K59: =SUMIFS(Salidas!G:G,Salidas!E:E,Artículos[[#This Row],[Código]]) -> 3 | L59: =Artículos[[#This Row],[Existencias iniciales]]+Artículos[[#This Row],[Entradas]]-Artículos[[#This Row],[Salidas]] -> 9
A60: 0059ME | B60: 1 | C60: =IF([2]!Artículos4[[#This Row],[Proveedor (código)]]="","",VLOOKUP([2]!Artículos4[[#This Row],[Proveedor (código)]],[2]Proveedores!A:B,2,FALSE)) -> #REF! | D60: Papa Seca 1 kg | E60: Menestras | I60: 3 | J60: =SUMIFS(Entradas!G:G,Entradas!E:E,Artículos[[#This Row],[Código]]) -> 0 | K60: =SUMIFS(Salidas!G:G,Salidas!E:E,Artículos[[#This Row],[Código]]) -> 3 | L60: =Artículos[[#This Row],[Existencias iniciales]]+Artículos[[#This Row],[Entradas]]-Artículos[[#This Row],[Salidas]] -> 0
A61: 0060ME | B61: 1 | C61: =IF([2]!Artículos4[[#This Row],[Proveedor (código)]]="","",VLOOKUP([2]!Artículos4[[#This Row],[Proveedor (código)]],[2]Proveedores!A:B,2,FALSE)) -> #REF! | D61: Papa Seca 5 kg | E61: Menestras | I61: 1 | J61: =SUMIFS(Entradas!G:G,Entradas!E:E,Artículos[[#This Row],[Código]]) -> 0 | K61: =SUMIFS(Salidas!G:G,Salidas!E:E,Artículos[[#This Row],[Código]]) -> 0 | L61: =Artículos[[#This Row],[Existencias iniciales]]+Artículos[[#This Row],[Entradas]]-Artículos[[#This Row],[Salidas]] -> 1
A62: 0061ME | B62: 1 | C62: =IF([2]!Artículos4[[#This Row],[Proveedor (código)]]="","",VLOOKUP([2]!Artículos4[[#This Row],[Proveedor (código)]],[2]Proveedores!A:B,2,FALSE)) -> #REF! | D62: Papa Seca 10 kg | E62: Menestras | J62: =SUMIFS(Entradas!G:G,Entradas!E:E,Artículos[[#This Row],[Código]]) -> 0 | K62: =SUMIFS(Salidas!G:G,Salidas!E:E,Artículos[[#This Row],[Código]]) -> 0 | L62: =Artículos[[#This Row],[Existencias iniciales]]+Artículos[[#This Row],[Entradas]]-Artículos[[#This Row],[Salidas]] -> 0
A63: 0062ME | B63: 1 | C63: =IF([2]!Artículos4[[#This Row],[Proveedor (código)]]="","",VLOOKUP([2]!Artículos4[[#This Row],[Proveedor (código)]],[2]Proveedores!A:B,2,FALSE)) -> #REF! | D63: Pop Corn 500 gr | E63: Menestras | J63: =SUMIFS(Entradas!G:G,Entradas!E:E,Artículos[[#This Row],[Código]]) -> 1 | K63: =SUMIFS(Salidas!G:G,Salidas!E:E,Artículos[[#This Row],[Código]]) -> 0 | L63: =Artículos[[#This Row],[Existencias iniciales]]+Artículos[[#This Row],[Entradas]]-Artículos[[#This Row],[Salidas]] -> 1
A64: 0063ME | B64: 1 | C64: =IF([2]!Artículos4[[#This Row],[Proveedor (código)]]="","",VLOOKUP([2]!Artículos4[[#This Row],[Proveedor (código)]],[2]Proveedores!A:B,2,FALSE)) -> #REF! | D64: Pop Corn 1 kl | E64: Menestras | J64: =SUMIFS(Entradas!G:G,Entradas!E:E,Artículos[[#This Row],[Código]]) -> 0 | K64: =SUMIFS(Salidas!G:G,Salidas!E:E,Artículos[[#This Row],[Código]]) -> 0 | L64: =Artículos[[#This Row],[Existencias iniciales]]+Artículos[[#This Row],[Entradas]]-Artículos[[#This Row],[Salidas]] -> 0
A65: 0064ME | B65: 1 | C65: =IF([2]!Artículos4[[#This Row],[Proveedor (código)]]="","",VLOOKUP([2]!Artículos4[[#This Row],[Proveedor (código)]],[2]Proveedores!A:B,2,FALSE)) -> #REF! | D65: Pop Corn 500 gr | E65: Menestras | I65: 45 | J65: =SUMIFS(Entradas!G:G,Entradas!E:E,Artículos[[#This Row],[Código]]) -> 0 | K65: =SUMIFS(Salidas!G:G,Salidas!E:E,Artículos[[#This Row],[Código]]) -> 0 | L65: =Artículos[[#This Row],[Existencias iniciales]]+Artículos[[#This Row],[Entradas]]-Artículos[[#This Row],[Salidas]] -> 45
A66: 0065ME | B66: 1 | C66: =IF([2]!Artículos4[[#This Row],[Proveedor (código)]]="","",VLOOKUP([2]!Artículos4[[#This Row],[Proveedor (código)]],[2]Proveedores!A:B,2,FALSE)) -> #REF! | D66: Quinua 500 gr | E66: Menestras | F66: 8.21 | I66: 4 | J66: =SUMIFS(Entradas!G:G,Entradas!E:E,Artículos[[#This Row],[Código]]) -> 7 | K66: =SUMIFS(Salidas!G:G,Salidas!E:E,Artículos[[#This Row],[Código]]) -> 14.75 | L66: =Artículos[[#This Row],[Existencias iniciales]]+Artículos[[#This Row],[Entradas]]-Artículos[[#This Row],[Salidas]] -> -3.75
A67: 0066ME | B67: 1 | C67: =IF([2]!Artículos4[[#This Row],[Proveedor (código)]]="","",VLOOKUP([2]!Artículos4[[#This Row],[Proveedor (código)]],[2]Proveedores!A:B,2,FALSE)) -> #REF! | D67: Quinua 1 kg | E67: Menestras | I67: 1 | J67: =SUMIFS(Entradas!G:G,Entradas!E:E,Artículos[[#This Row],[Código]]) -> 0 | K67: =SUMIFS(Salidas!G:G,Salidas!E:E,Artículos[[#This Row],[Código]]) -> 12.5 | L67: =Artículos[[#This Row],[Existencias iniciales]]+Artículos[[#This Row],[Entradas]]-Artículos[[#This Row],[Salidas]] -> -11.5
A68: 0067ME | C68: =IF([2]!Artículos4[[#This Row],[Proveedor (código)]]="","",VLOOKUP([2]!Artículos4[[#This Row],[Proveedor (código)]],[2]Proveedores!A:B,2,FALSE)) -> #REF! | D68: Quinua 5 kg | E68: Menestras | I68: 2 | J68: =SUMIFS(Entradas!G:G,Entradas!E:E,Artículos[[#This Row],[Código]]) -> 0 | K68: =SUMIFS(Salidas!G:G,Salidas!E:E,Artículos[[#This Row],[Código]]) -> 0.5 | L68: =Artículos[[#This Row],[Existencias iniciales]]+Artículos[[#This Row],[Entradas]]-Artículos[[#This Row],[Salidas]] -> 1.5
A69: 0068ME | B69: 1 | C69: =IF([2]!Artículos4[[#This Row],[Proveedor (código)]]="","",VLOOKUP([2]!Artículos4[[#This Row],[Proveedor (código)]],[2]Proveedores!A:B,2,FALSE)) -> #REF! | D69: Quinua 10 kg | E69: Menestras | I69: 7 | J69: =SUMIFS(Entradas!G:G,Entradas!E:E,Artículos[[#This Row],[Código]]) -> 0 | K69: =SUMIFS(Salidas!G:G,Salidas!E:E,Artículos[[#This Row],[Código]]) -> 0 | L69: =Artículos[[#This Row],[Existencias iniciales]]+Artículos[[#This Row],[Entradas]]-Artículos[[#This Row],[Salidas]] -> 7
A70: 0069ME | C70: =IF([2]!Artículos4[[#This Row],[Proveedor (código)]]="","",VLOOKUP([2]!Artículos4[[#This Row],[Proveedor (código)]],[2]Proveedores!A:B,2,FALSE)) -> #REF! | D70: Quinua Negra 500 gr | E70: Menestras | J70: =SUMIFS(Entradas!G:G,Entradas!E:E,Artículos[[#This Row],[Código]]) -> 0 | K70: =SUMIFS(Salidas!G:G,Salidas!E:E,Artículos[[#This Row],[Código]]) -> 0 | L70: =Artículos[[#This Row],[Existencias iniciales]]+Artículos[[#This Row],[Entradas]]-Artículos[[#This Row],[Salidas]] -> 0
A71: 0070ME | C71: =IF([2]!Artículos4[[#This Row],[Proveedor (código)]]="","",VLOOKUP([2]!Artículos4[[#This Row],[Proveedor (código)]],[2]Proveedores!A:B,2,FALSE)) -> #REF! | D71: Quinua Negra 1 kg | E71: Menestras | J71: =SUMIFS(Entradas!G:G,Entradas!E:E,Artículos[[#This Row],[Código]]) -> 0 | K71: =SUMIFS(Salidas!G:G,Salidas!E:E,Artículos[[#This Row],[Código]]) -> 0 | L71: =Artículos[[#This Row],[Existencias iniciales]]+Artículos[[#This Row],[Entradas]]-Artículos[[#This Row],[Salidas]] -> 0
A72: 0071ME | C72: =IF([2]!Artículos4[[#This Row],[Proveedor (código)]]="","",VLOOKUP([2]!Artículos4[[#This Row],[Proveedor (código)]],[2]Proveedores!A:B,2,FALSE)) -> #REF! | D72: Quinua Negra 5 kg | E72: Menestras | J72: =SUMIFS(Entradas!G:G,Entradas!E:E,Artículos[[#This Row],[Código]]) -> 0 | K72: =SUMIFS(Salidas!G:G,Salidas!E:E,Artículos[[#This Row],[Código]]) -> 0 | L72: =Artículos[[#This Row],[Existencias iniciales]]+Artículos[[#This Row],[Entradas]]-Artículos[[#This Row],[Salidas]] -> 0
A73: 0072ME | C73: =IF([2]!Artículos4[[#This Row],[Proveedor (código)]]="","",VLOOKUP([2]!Artículos4[[#This Row],[Proveedor (código)]],[2]Proveedores!A:B,2,FALSE)) -> #REF! | D73: Quinua Roja 500 gr | E73: Menestras | J73: =SUMIFS(Entradas!G:G,Entradas!E:E,Artículos[[#This Row],[Código]]) -> 1 | K73: =SUMIFS(Salidas!G:G,Salidas!E:E,Artículos[[#This Row],[Código]]) -> 0 | L73: =Artículos[[#This Row],[Existencias iniciales]]+Artículos[[#This Row],[Entradas]]-Artículos[[#This Row],[Salidas]] -> 1
A74: 0073ME | C74: =IF([2]!Artículos4[[#This Row],[Proveedor (código)]]="","",VLOOKUP([2]!Artículos4[[#This Row],[Proveedor (código)]],[2]Proveedores!A:B,2,FALSE)) -> #REF! | D74: Quinua Roja 1 kg | E74: Menestras | J74: =SUMIFS(Entradas!G:G,Entradas!E:E,Artículos[[#This Row],[Código]]) -> 0 | K74: =SUMIFS(Salidas!G:G,Salidas!E:E,Artículos[[#This Row],[Código]]) -> 0 | L74: =Artículos[[#This Row],[Existencias iniciales]]+Artículos[[#This Row],[Entradas]]-Artículos[[#This Row],[Salidas]] -> 0
A75: 0074ME | C75: =IF([2]!Artículos4[[#This Row],[Proveedor (código)]]="","",VLOOKUP([2]!Artículos4[[#This Row],[Proveedor (código)]],[2]Proveedores!A:B,2,FALSE)) -> #REF! | D75: Quinua tricolor 5 kg | E75: Menestras | I75: 3 | J75: =SUMIFS(Entradas!G:G,Entradas!E:E,Artículos[[#This Row],[Código]]) -> 0 | K75: =SUMIFS(Salidas!G:G,Salidas!E:E,Artículos[[#This Row],[Código]]) -> 0 | L75: =Artículos[[#This Row],[Existencias iniciales]]+Artículos[[#This Row],[Entradas]]-Artículos[[#This Row],[Salidas]] -> 3
A76: 0075ME | B76: 1 | C76: =IF([2]!Artículos4[[#This Row],[Proveedor (código)]]="","",VLOOKUP([2]!Artículos4[[#This Row],[Proveedor (código)]],[2]Proveedores!A:B,2,FALSE)) -> #REF! | D76: Quinua tricolor 10 kg | E76: Menestras | J76: =SUMIFS(Entradas!G:G,Entradas!E:E,Artículos[[#This Row],[Código]]) -> 0 | K76: =SUMIFS(Salidas!G:G,Salidas!E:E,Artículos[[#This Row],[Código]]) -> 0 | L76: =Artículos[[#This Row],[Existencias iniciales]]+Artículos[[#This Row],[Entradas]]-Artículos[[#This Row],[Salidas]] -> 0
A77: 0076ME | B77: 1 | C77: =IF([2]!Artículos4[[#This Row],[Proveedor (código)]]="","",VLOOKUP([2]!Artículos4[[#This Row],[Proveedor (código)]],[2]Proveedores!A:B,2,FALSE)) -> #REF! | D77: Quinua tricolor 500 gr | E77: Menestras | F77: 10.38 | I77: 11 | J77: =SUMIFS(Entradas!G:G,Entradas!E:E,Artículos[[#This Row],[Código]]) -> 3 | K77: =SUMIFS(Salidas!G:G,Salidas!E:E,Artículos[[#This Row],[Código]]) -> 0 | L77: =Artículos[[#This Row],[Existencias iniciales]]+Artículos[[#This Row],[Entradas]]-Artículos[[#This Row],[Salidas]] -> 14 | M77: Salsa de Tomate
A78: 0077ME | B78: 1 | C78: =IF([2]!Artículos4[[#This Row],[Proveedor (código)]]="","",VLOOKUP([2]!Artículos4[[#This Row],[Proveedor (código)]],[2]Proveedores!A:B,2,FALSE)) -> #REF! | D78: Soya 500 gr | E78: Menestras | I78: 7 | J78: =SUMIFS(Entradas!G:G,Entradas!E:E,Artículos[[#This Row],[Código]]) -> 0 | K78: =SUMIFS(Salidas!G:G,Salidas!E:E,Artículos[[#This Row],[Código]]) -> 0 | L78: =Artículos[[#This Row],[Existencias iniciales]]+Artículos[[#This Row],[Entradas]]-Artículos[[#This Row],[Salidas]] -> 7 | M78: Salsa de Tomate
A79: 0078ME | B79: 1 | C79: =IF([2]!Artículos4[[#This Row],[Proveedor (código)]]="","",VLOOKUP([2]!Artículos4[[#This Row],[Proveedor (código)]],[2]Proveedores!A:B,2,FALSE)) -> #REF! | D79: Soya 1 kg | E79: Menestras | J79: =SUMIFS(Entradas!G:G,Entradas!E:E,Artículos[[#This Row],[Código]]) -> 0 | K79: =SUMIFS(Salidas!G:G,Salidas!E:E,Artículos[[#This Row],[Código]]) -> 0 | L79: =Artículos[[#This Row],[Existencias iniciales]]+Artículos[[#This Row],[Entradas]]-Artículos[[#This Row],[Salidas]] -> 0 | M79: Menestras
A80: 0079ME | B80: 1 | C80: =IF([2]!Artículos4[[#This Row],[Proveedor (código)]]="","",VLOOKUP([2]!Artículos4[[#This Row],[Proveedor (código)]],[2]Proveedores!A:B,2,FALSE)) -> #REF! | D80: Soya kg | E80: Menestras | J80: =SUMIFS(Entradas!G:G,Entradas!E:E,Artículos[[#This Row],[Código]]) -> 0 | K80: =SUMIFS(Salidas!G:G,Salidas!E:E,Artículos[[#This Row],[Código]]) -> 0 | L80: =Artículos[[#This Row],[Existencias iniciales]]+Artículos[[#This Row],[Entradas]]-Artículos[[#This Row],[Salidas]] -> 0 | M80: Menestras
A81: 0080ME | B81: 1 | C81: =IF([2]!Artículos4[[#This Row],[Proveedor (código)]]="","",VLOOKUP([2]!Artículos4[[#This Row],[Proveedor (código)]],[2]Proveedores!A:B,2,FALSE)) -> #REF! | D81: Trigo 500 gr | E81: Menestras | I81: 5 | J81: =SUMIFS(Entradas!G:G,Entradas!E:E,Artículos[[#This Row],[Código]]) -> 0 | K81: =SUMIFS(Salidas!G:G,Salidas!E:E,Artículos[[#This Row],[Código]]) -> 0 | L81: =Artículos[[#This Row],[Existencias iniciales]]+Artículos[[#This Row],[Entradas]]-Artículos[[#This Row],[Salidas]] -> 5 | M81: Menestras
A82: 0081ME | B82: 1 | C82: =IF([2]!Artículos4[[#This Row],[Proveedor (código)]]="","",VLOOKUP([2]!Artículos4[[#This Row],[Proveedor (código)]],[2]Proveedores!A:B,2,FALSE)) -> #REF! | D82: Trigo 1 kg | E82: Menestras | I82: 11 | J82: =SUMIFS(Entradas!G:G,Entradas!E:E,Artículos[[#This Row],[Código]]) -> 0 | K82: =SUMIFS(Salidas!G:G,Salidas!E:E,Artículos[[#This Row],[Código]]) -> 3 | L82: =Artículos[[#This Row],[Existencias iniciales]]+Artículos[[#This Row],[Entradas]]-Artículos[[#This Row],[Salidas]] -> 8 | M82: Menestras
A83: 0082ME | B83: 1 | C83: =IF([2]!Artículos4[[#This Row],[Proveedor (código)]]="","",VLOOKUP([2]!Artículos4[[#This Row],[Proveedor (código)]],[2]Proveedores!A:B,2,FALSE)) -> #REF! | D83: Trigo 5 kg | E83: Menestras | I83: 1 | J83: =SUMIFS(Entradas!G:G,Entradas!E:E,Artículos[[#This Row],[Código]]) -> 0 | K83: =SUMIFS(Salidas!G:G,Salidas!E:E,Artículos[[#This Row],[Código]]) -> 0 | L83: =Artículos[[#This Row],[Existencias iniciales]]+Artículos[[#This Row],[Entradas]]-Artículos[[#This Row],[Salidas]] -> 1 | M83: Menestras
A84: 0083ME | B84: 1 | C84: =IF([2]!Artículos4[[#This Row],[Proveedor (código)]]="","",VLOOKUP([2]!Artículos4[[#This Row],[Proveedor (código)]],[2]Proveedores!A:B,2,FALSE)) -> #REF! | D84: Trigo 10 kg | E84: Menestras | I84: 1 | J84: =SUMIFS(Entradas!G:G,Entradas!E:E,Artículos[[#This Row],[Código]]) -> 0 | K84: =SUMIFS(Salidas!G:G,Salidas!E:E,Artículos[[#This Row],[Código]]) -> 0 | L84: =Artículos[[#This Row],[Existencias iniciales]]+Artículos[[#This Row],[Entradas]]-Artículos[[#This Row],[Salidas]] -> 1 | M84: Menestras
A85: 0084ME | B85: 1 | C85: =IF([2]!Artículos4[[#This Row],[Proveedor (código)]]="","",VLOOKUP([2]!Artículos4[[#This Row],[Proveedor (código)]],[2]Proveedores!A:B,2,FALSE)) -> #REF! | D85: Trigo 50 kg | E85: Menestras | J85: =SUMIFS(Entradas!G:G,Entradas!E:E,Artículos[[#This Row],[Código]]) -> 0 | K85: =SUMIFS(Salidas!G:G,Salidas!E:E,Artículos[[#This Row],[Código]]) -> 0 | L85: =Artículos[[#This Row],[Existencias iniciales]]+Artículos[[#This Row],[Entradas]]-Artículos[[#This Row],[Salidas]] -> 0 | M85: Menestras
A86: 0085ME | B86: 1 | C86: =IF([2]!Artículos4[[#This Row],[Proveedor (código)]]="","",VLOOKUP([2]!Artículos4[[#This Row],[Proveedor (código)]],[2]Proveedores!A:B,2,FALSE)) -> #REF! | D86: Semola 200 gr | E86: Menestras | I86: 26 | J86: =SUMIFS(Entradas!G:G,Entradas!E:E,Artículos[[#This Row],[Código]]) -> 3 | K86: =SUMIFS(Salidas!G:G,Salidas!E:E,Artículos[[#This Row],[Código]]) -> 19 | L86: =Artículos[[#This Row],[Existencias iniciales]]+Artículos[[#This Row],[Entradas]]-Artículos[[#This Row],[Salidas]] -> 10 | M86: Menestras
A87: 0086ME | B87: 1 | C87: =IF([2]!Artículos4[[#This Row],[Proveedor (código)]]="","",VLOOKUP([2]!Artículos4[[#This Row],[Proveedor (código)]],[2]Proveedores!A:B,2,FALSE)) -> #REF! | D87: semola 500 gr | E87: Menestras | J87: =SUMIFS(Entradas!G:G,Entradas!E:E,Artículos[[#This Row],[Código]]) -> 0 | K87: =SUMIFS(Salidas!G:G,Salidas!E:E,Artículos[[#This Row],[Código]]) -> 3 | L87: =Artículos[[#This Row],[Existencias iniciales]]+Artículos[[#This Row],[Entradas]]-Artículos[[#This Row],[Salidas]] -> -3 | M87: Menestras
A88: 0087ME | B88: 1 | C88: =IF([2]!Artículos4[[#This Row],[Proveedor (código)]]="","",VLOOKUP([2]!Artículos4[[#This Row],[Proveedor (código)]],[2]Proveedores!A:B,2,FALSE)) -> #REF! | D88: pop corn 10 kg | E88: Menestras | I88: 2 | J88: =SUMIFS(Entradas!G:G,Entradas!E:E,Artículos[[#This Row],[Código]]) -> 0 | K88: =SUMIFS(Salidas!G:G,Salidas!E:E,Artículos[[#This Row],[Código]]) -> 0 | L88: =Artículos[[#This Row],[Existencias iniciales]]+Artículos[[#This Row],[Entradas]]-Artículos[[#This Row],[Salidas]] -> 2 | M88: Sal
A89: 0088ME | B89: 1 | C89: =IF([2]!Artículos4[[#This Row],[Proveedor (código)]]="","",VLOOKUP([2]!Artículos4[[#This Row],[Proveedor (código)]],[2]Proveedores!A:B,2,FALSE)) -> #REF! | D89: Pop corn 5 kg | E89: Menestras | I89: 1 | J89: =SUMIFS(Entradas!G:G,Entradas!E:E,Artículos[[#This Row],[Código]]) -> 0 | K89: =SUMIFS(Salidas!G:G,Salidas!E:E,Artículos[[#This Row],[Código]]) -> 0 | L89: =Artículos[[#This Row],[Existencias iniciales]]+Artículos[[#This Row],[Entradas]]-Artículos[[#This Row],[Salidas]] -> 1 | M89: Sillao
A90: 0089ME | C90: =IF([2]!Artículos4[[#This Row],[Proveedor (código)]]="","",VLOOKUP([2]!Artículos4[[#This Row],[Proveedor (código)]],[2]Proveedores!A:B,2,FALSE)) -> #REF! | E90: Menestras | J90: =SUMIFS(Entradas!G:G,Entradas!E:E,Artículos[[#This Row],[Código]]) -> 0 | K90: =SUMIFS(Salidas!G:G,Salidas!E:E,Artículos[[#This Row],[Código]]) -> 0 | L90: =Artículos[[#This Row],[Existencias iniciales]]+Artículos[[#This Row],[Entradas]]-Artículos[[#This Row],[Salidas]] -> 0 | M90: Sillao
A91: 0090AC | B91: 1 | C91: =IF([2]!Artículos4[[#This Row],[Proveedor (código)]]="","",VLOOKUP([2]!Artículos4[[#This Row],[Proveedor (código)]],[2]Proveedores!A:B,2,FALSE)) -> #REF! | D91: Aceite Vegetal 900 ml | E91: Aceite | F91: 4.76 | I91: 97 | J91: =SUMIFS(Entradas!G:G,Entradas!E:E,Artículos[[#This Row],[Código]]) -> 5 | K91: =SUMIFS(Salidas!G:G,Salidas!E:E,Artículos[[#This Row],[Código]]) -> 46 | L91: =Artículos[[#This Row],[Existencias iniciales]]+Artículos[[#This Row],[Entradas]]-Artículos[[#This Row],[Salidas]] -> 56 | M91: Sillao
A92: 0091AC | B92: 1 | C92: =IF([2]!Artículos4[[#This Row],[Proveedor (código)]]="","",VLOOKUP([2]!Artículos4[[#This Row],[Proveedor (código)]],[2]Proveedores!A:B,2,FALSE)) -> #REF! | D92: Aceite Vegetal 3 lt | E92: Aceite | I92: 1 | J92: =SUMIFS(Entradas!G:G,Entradas!E:E,Artículos[[#This Row],[Código]]) -> 0 | K92: =SUMIFS(Salidas!G:G,Salidas!E:E,Artículos[[#This Row],[Código]]) -> 0 | L92: =Artículos[[#This Row],[Existencias iniciales]]+Artículos[[#This Row],[Entradas]]-Artículos[[#This Row],[Salidas]] -> 1 | M92: Endulzante
A93: 0092AC | B93: 1 | C93: =IF([2]!Artículos4[[#This Row],[Proveedor (código)]]="","",VLOOKUP([2]!Artículos4[[#This Row],[Proveedor (código)]],[2]Proveedores!A:B,2,FALSE)) -> #REF! | D93: Aceite Vegetal 5 lt | E93: Aceite | I93: 7 | J93: =SUMIFS(Entradas!G:G,Entradas!E:E,Artículos[[#This Row],[Código]]) -> 0 | K93: =SUMIFS(Salidas!G:G,Salidas!E:E,Artículos[[#This Row],[Código]]) -> 0 | L93: =Artículos[[#This Row],[Existencias iniciales]]+Artículos[[#This Row],[Entradas]]-Artículos[[#This Row],[Salidas]] -> 7 | M93: Endulzante
A94: 0093AC | B94: 1 | C94: =IF([2]!Artículos4[[#This Row],[Proveedor (código)]]="","",VLOOKUP([2]!Artículos4[[#This Row],[Proveedor (código)]],[2]Proveedores!A:B,2,FALSE)) -> #REF! | D94: Aceite Vegetal 20 lt | E94: Aceite | I94: 9 | J94: =SUMIFS(Entradas!G:G,Entradas!E:E,Artículos[[#This Row],[Código]]) -> 0 | K94: =SUMIFS(Salidas!G:G,Salidas!E:E,Artículos[[#This Row],[Código]]) -> 0 | L94: =Artículos[[#This Row],[Existencias iniciales]]+Artículos[[#This Row],[Entradas]]-Artículos[[#This Row],[Salidas]] -> 9 | M94: Infusion
A95: 0094AC | B95: 1 | C95: =IF([2]!Artículos4[[#This Row],[Proveedor (código)]]="","",VLOOKUP([2]!Artículos4[[#This Row],[Proveedor (código)]],[2]Proveedores!A:B,2,FALSE)) -> #REF! | D95: Aceite Spray 200 ml | E95: Aceite | J95: =SUMIFS(Entradas!G:G,Entradas!E:E,Artículos[[#This Row],[Código]]) -> 0 | K95: =SUMIFS(Salidas!G:G,Salidas!E:E,Artículos[[#This Row],[Código]]) -> 0 | L95: =Artículos[[#This Row],[Existencias iniciales]]+Artículos[[#This Row],[Entradas]]-Artículos[[#This Row],[Salidas]] -> 0 | M95: Infusion
A96: 0095AC | B96: 1 | C96: =IF([2]!Artículos4[[#This Row],[Proveedor (código)]]="","",VLOOKUP([2]!Artículos4[[#This Row],[Proveedor (código)]],[2]Proveedores!A:B,2,FALSE)) -> #REF! | D96: Aceite Soya 900 ml | E96: Aceite | I96: 30 | J96: =SUMIFS(Entradas!G:G,Entradas!E:E,Artículos[[#This Row],[Código]]) -> 0 | K96: =SUMIFS(Salidas!G:G,Salidas!E:E,Artículos[[#This Row],[Código]]) -> 0 | L96: =Artículos[[#This Row],[Existencias iniciales]]+Artículos[[#This Row],[Entradas]]-Artículos[[#This Row],[Salidas]] -> 30 | M96: Infusion
A97: 0096AC | B97: 1 | C97: =IF([2]!Artículos4[[#This Row],[Proveedor (código)]]="","",VLOOKUP([2]!Artículos4[[#This Row],[Proveedor (código)]],[2]Proveedores!A:B,2,FALSE)) -> #REF! | D97: Aceite Soya 5 lt | E97: Aceite | J97: =SUMIFS(Entradas!G:G,Entradas!E:E,Artículos[[#This Row],[Código]]) -> 0 | K97: =SUMIFS(Salidas!G:G,Salidas!E:E,Artículos[[#This Row],[Código]]) -> 0 | L97: =Artículos[[#This Row],[Existencias iniciales]]+Artículos[[#This Row],[Entradas]]-Artículos[[#This Row],[Salidas]] -> 0 | M97: Infusion
A98: 0097AC | B98: 1 | C98: =IF([2]!Artículos4[[#This Row],[Proveedor (código)]]="","",VLOOKUP([2]!Artículos4[[#This Row],[Proveedor (código)]],[2]Proveedores!A:B,2,FALSE)) -> #REF! | D98: Aceite Soya 20 lt | E98: Aceite | J98: =SUMIFS(Entradas!G:G,Entradas!E:E,Artículos[[#This Row],[Código]]) -> 0 | K98: =SUMIFS(Salidas!G:G,Salidas!E:E,Artículos[[#This Row],[Código]]) -> 0 | L98: =Artículos[[#This Row],[Existencias iniciales]]+Artículos[[#This Row],[Entradas]]-Artículos[[#This Row],[Salidas]] -> 0 | M98: Infusion
A99: 0098AC | C99: =IF([2]!Artículos4[[#This Row],[Proveedor (código)]]="","",VLOOKUP([2]!Artículos4[[#This Row],[Proveedor (código)]],[2]Proveedores!A:B,2,FALSE)) -> #REF! | D99: Aceite de Oliva Virgen200 ml | E99: Aceite | J99: =SUMIFS(Entradas!G:G,Entradas!E:E,Artículos[[#This Row],[Código]]) -> 0 | K99: =SUMIFS(Salidas!G:G,Salidas!E:E,Artículos[[#This Row],[Código]]) -> 0 | L99: =Artículos[[#This Row],[Existencias iniciales]]+Artículos[[#This Row],[Entradas]]-Artículos[[#This Row],[Salidas]] -> 0 | M99: Infusion
A100: 0099AC | B100: 1 | C100: =IF([2]!Artículos4[[#This Row],[Proveedor (código)]]="","",VLOOKUP([2]!Artículos4[[#This Row],[Proveedor (código)]],[2]Proveedores!A:B,2,FALSE)) -> #REF! | D100: Aceite de Oliva Virgen 900 ml | E100: Aceite | J100: =SUMIFS(Entradas!G:G,Entradas!E:E,Artículos[[#This Row],[Código]]) -> 0 | K100: =SUMIFS(Salidas!G:G,Salidas!E:E,Artículos[[#This Row],[Código]]) -> 0 | L100: =Artículos[[#This Row],[Existencias iniciales]]+Artículos[[#This Row],[Entradas]]-Artículos[[#This Row],[Salidas]] -> 0 | M100: Infusion
A101: 0100AC | B101: 1 | C101: =IF([2]!Artículos4[[#This Row],[Proveedor (código)]]="","",VLOOKUP([2]!Artículos4[[#This Row],[Proveedor (código)]],[2]Proveedores!A:B,2,FALSE)) -> #REF! | D101: Aceite de Oliva Virgen 5 lt | E101: Aceite | J101: =SUMIFS(Entradas!G:G,Entradas!E:E,Artículos[[#This Row],[Código]]) -> 0 | K101: =SUMIFS(Salidas!G:G,Salidas!E:E,Artículos[[#This Row],[Código]]) -> 0 | L101: =Artículos[[#This Row],[Existencias iniciales]]+Artículos[[#This Row],[Entradas]]-Artículos[[#This Row],[Salidas]] -> 0 | M101: Infusion
...

Sheet Hoja2
B2: Código | C2: Detalle | D2: Nombre del artículo2
B3: 0001ME | C3: Arverja partida 500 gr | D3: Menestras
B4: 0002ME | C4: Arverja partida 1 kg | D4: Menestras
B5: 0003ME | C5: Arverja partida 10 kg | D5: Menestras
B6: 0004ME | C6: Arverja partida 5 kl gr | D6: Menestras
B7: 0005ME | C7: Arverja partida 10 kg | D7: Menestras
B8: 0006ME | C8: Frejol Bayo 500 gr | D8: Menestras
B9: 0007ME | C9: Frejol Bayo 1 kl | D9: Menestras
B10: 0008ME | C10: Frejol Caballero 5 kl | D10: Menestras
B11: 0009ME | C11: Frejol Caballero 500 gr | D11: Menestras
B12: 0010ME | C12: Frejol Caballlero 1 kg | D12: Menestras
B13: 0011ME | C13: Frejol Caballero 5 kg | D13: Menestras
... B90: 0088ME | C90: Pop corn 5 kg | D90: Menestras
B91: 0089ME | D91: Menestras
B92: 0090AC | C92: Aceite Vegetal 900 ml | D92: Aceite
B93: 0091AC | C93: Aceite Vegetal 3 lt | D93: Aceite
B94: 0092AC | C94: Aceite Vegetal 5 lt | D94: Aceite
B95: 0093AC | C95: Aceite Vegetal 20 lt | D95: Aceite
B96: 0094AC | C96: Aceite Spray 200 ml | D96: Aceite
B97: 0095AC | C97: Aceite Soya 900 ml | D97: Aceite
B98: 0096AC | C98: Aceite Soya 5 lt | D98: Aceite
B99: 0097AC | C99: Aceite Soya 20 lt | D99: Aceite
B100: 0098AC | C100: Aceite de Oliva Virgen200 ml | D100: Aceite
B101: 0099AC | C101: Aceite de Oliva Virgen 900 ml | D101: Aceite
B102: 0100AC | C102: Aceite de Oliva Virgen 5 lt | D102: Aceite
B103: 0101AC | C103: Aceite de OlivaExtra Virgen200 ml | D103: Aceite
... B113: 0112AC | C113: Aceite de oliva 4 lt | D113: Aceite
B114: 0113AC | D114: Aceite
B115: 0114AC | D115: Aceite
B116: 0115CO | C116: Filete de atun agua lata | D116: Conserva
B117: 0116CO | C117: Filete de atun aceite lata | D117: Conserva
B118: 0117CO | C118: Trozo de atun agua lata | D118: Conserva
B119: 0118CO | C119: Trozo de atun aceite lata | D119: Conserva
B120: 0119CO | C120: Lomo de atun aceite lata | D120: Conserva
B121: 0120CO | C121: Lomo de atun agua lata | D121: Conserva
B122: 0121CO | C122: Solido de caballa lata | D122: Conserva
B123: 0122CO | C123: Filete de caballa lata | D123: Conserva
B124: 0123CO | C124: Filete de Bonito lata | D124: Conserva
B125: 0124CO | C125: Grated de Atun lata | D125: Conserva
B126: 0125CO | C126: Sardina lata | D126: Conserva
B127: 0126CO | C127: Piña en almibar 500 gr lata | D127: Conserva
... B143: 0142CO | C143: Aceituna | D143: Conserva
B144: 0143CO | D144: Conserva
B145: 0144CO | D145: Conserva
B146: 0145CR | C146: Avena 150 gr | D146: Cereal
B147: 0146CR | C147: Avena de 200 gr variado | D147: Cereal
B148: 0147CR | C148: Avena precocida 380 gr | D148: Cereal
B149: 0148CR | C149: Avena 500 gr | D149: Cereal
B150: 0149CR | C150: Avena 1 kl | D150: Cereal
B151: 0150CR | C151: Avena 5 kl | D151: Cereal
B152: 0151CR | C152: Avena 10 kl | D152: Cereal
B153: 0152CR | C153: Avena con hojuelas 500 gr | D153: Cereal
B154: 0153CR | C154: Avena con hojuela 900 gr | D154: Cereal
B155: 0154CR | C155: Avena quinua 900 gr | D155: Cereal
B156: 0155CR | C156: Avena Maca 500 gr | D156: Cereal
B157: 0156CR | C157: Avena Kiwicha 500 gr | D157: Cereal
... B204: 0203AZ | C204: Azucar blanca 25 kg | D204: Azucar
B205: 0204AZ | D205: Azucar
B206: 0205AZ | D206: Azucar
B207: 0206AZ | D207: Azucar
B208: 0207AZ | D208: Azucar
B209: 0208AZ | D209: Azucar
B210: 0209AZ | D210: Azucar
B211: 0210IN | C211: Nibs Cacao 100 gr | D211: Instantaneo
B212: 0211IN | C212: Polvo de cacao 200gr | D212: Instantaneo
B213: 0212IN | C213: Chocolate Instantaneo 550 gr | D213: Instantaneo
B214: 0213IN | C214: Cafe Instantaneo 180 gr | D214: Instantaneo
B215: 0214IN | C215: Cafe Instantaneo Liofilizado 180 gr | D215: Instantaneo
B216: 0215IN | C216: Café Instantaneo Variado sachet | D216: Instantaneo
B217: 0216IN | C217: Café descafeinado | D217: Instantaneo
B218: 0217IN | C218: Café granos 500 gr | D218: Instantaneo
B219: 0218IN | C219: Café granos 1 kg | D219: Instantaneo
B220: 0219IN | C220: Café en capsulas | D220: Instantaneo
B221: 0220IN | C221: Milo 380 gr lata | D221: Instantaneo
B222: 0221IN | C222: Milo 700 gr lata | D222: Instantaneo
... B229: 0228IN | C229: Sopas Instantaneas Instantaneas | D229: Instantaneo
B230: 0229IN | D230: Instantaneo
B231: 0230IN | D231: Instantaneo
B232: 0231IN | D232: Instantaneo
B233: 0232IN | D233: Instantaneo
B234: 0233IN | D234: Instantaneo
B235: 0234HA | C235: Harina s/preparar 180 gr | D235: Harina
B236: 0235HA | C236: Harina s/preparar 1kg | D236: Harina
B237: 0236HA | C237: Harina preparada 180 gr | D237: Harina
B238: 0237HA | C238: Harina trigo 10 kl | D238: Harina
B239: 0238HA | C239: Harina preparada 1 kg | D239: Harina
B240: 0239HA | C240: Chuño 180 gr | D240: Harina
B241: 0240HA | C241: Harina de quinua 200gr | D241: Harina
B242: 0241HA | C242: Harina de avena integral 200 gr | D242: Harina
B243: 0242HA | C243: Harina de almendra | D243: Harina
B244: 0243HA | C244: Harina de linaza 200 gr | D244: Harina
B245: 0244HA | C245: Harina de cañihua 200 gr | D245: Harina
B246: 0245HA | C246: Harina de maca 200 gr | D246: Harina
... B259: 0258HA | C259: Chuño 5kg | D259: Harina
B260: 0259HA | D260: Harina
B261: 0260HA | D261: Harina
B262: 0261HA | D262: Harina
B263: 0262HA | D263: Harina
B264: 0263CN | C264: Mayonesa ligth 850 gr | D264: Condimentos, Salsas, cremas
B265: 0264CN | C265: Mayonesa 850 gr | D265: Condimentos, Salsas, cremas
...

Sheet Proveedores
A2: Código | B2: Nombre fiscal | C2: Nombre | D2: Apellidos | E2: NIF/CIF | F2: Teléfono | G2: E-mail | H2: Dirección | I2: Población | J2: Provincia | K2: Código Postal
A3: 1 | B3: ALBERGUE | C3: ALDIMI | D3: Ejemplo | E3: 11111111Z | F3: 111111111 | G3: proveedor@ejemplo.com | H3: Calle 9 | I3: Ejemplo | J3: Ejemplo Proveedor | K3: 11111
A4: 2 | B4: PLAZA VEA B.A
A5: 3 | B5: FLORA Y FAUNA
A6: 4 | B6: Metro B.A
A7: 5 | B7: Almacen Banco de Alimentos
A8: 6 | B8: Gloria
A9: 7 | B9: frozen
A10: 8 | B10: MOR
A11: 9 | B11: Jorge Bustamante
A12: 10 | B12: Eggs
A13: 11 | B13: PLAZA VEA B.A
A14: 12 | B14: Pilar Coronado | F14: 992773897
A15: 13 | B15: Inspira B.A

Sheet Entradas
A2: Código | B2: Fecha | C2: Proveedor (código) | D2: Proveedor (nombre) | E2: Artículo (código) | F2: Artículo (nombre) | G2: Cantidad | H2: Precio POR UNIDAD | I2: PRECIO TOTAL
A3: 1 | B3: 46029 | C3: 5 | D3: =IF(Entradas[[#This Row],[Proveedor (código)]]="","",VLOOKUP(Entradas[[#This Row],[Proveedor (código)]],Proveedores[[#All],[Código]:[Nombre fiscal]],2,FALSE)) -> Almacen Banco de Alimentos | E3: 0671EM | F3: =IF(Entradas[[#This Row],[Artículo (código)]]="","",VLOOKUP(Entradas[[#This Row],[Artículo (código)]],Existencias!A:D,4,FALSE)) -> Chorizo Finas Hierbas x4 | G3: 1 | H3: =VLOOKUP(Entradas[[#This Row],[Artículo (código)]],Existencias!A:F,6,FALSE)*Entradas[[#This Row],[Cantidad]] -> 12.23 | I3: =Entradas[[#This Row],[Precio POR UNIDAD]]*Entradas[[#This Row],[Cantidad]] -> 12.23
A4: 1 | B4: 46029 | C4: 5 | D4: =IF(Entradas[[#This Row],[Proveedor (código)]]="","",VLOOKUP(Entradas[[#This Row],[Proveedor (código)]],Proveedores[[#All],[Código]:[Nombre fiscal]],2,FALSE)) -> Almacen Banco de Alimentos | E4: 0670EM | F4: =IF(Entradas[[#This Row],[Artículo (código)]]="","",VLOOKUP(Entradas[[#This Row],[Artículo (código)]],Existencias!A:D,4,FALSE)) -> Chorizo Parrillero x 4 | G4: 1 | H4: =VLOOKUP(Entradas[[#This Row],[Artículo (código)]],Existencias!A:F,6,FALSE)*Entradas[[#This Row],[Cantidad]] -> 8.54 | I4: =Entradas[[#This Row],[Precio POR UNIDAD]]*Entradas[[#This Row],[Cantidad]] -> 8.54
A5: 1 | B5: 46029 | C5: 5 | D5: =IF(Entradas[[#This Row],[Proveedor (código)]]="","",VLOOKUP(Entradas[[#This Row],[Proveedor (código)]],Proveedores[[#All],[Código]:[Nombre fiscal]],2,FALSE)) -> Almacen Banco de Alimentos | E5: 0669EM | F5: =IF(Entradas[[#This Row],[Artículo (código)]]="","",VLOOKUP(Entradas[[#This Row],[Artículo (código)]],Existencias!A:D,4,FALSE)) -> Chorizo Preco x 4 | G5: 6 | H5: =VLOOKUP(Entradas[[#This Row],[Artículo (código)]],Existencias!A:F,6,FALSE)*Entradas[[#This Row],[Cantidad]] -> 0 | I5: =Entradas[[#This Row],[Precio POR UNIDAD]]*Entradas[[#This Row],[Cantidad]] -> 0
A6: 1 | B6: 46029 | C6: 5 | D6: =IF(Entradas[[#This Row],[Proveedor (código)]]="","",VLOOKUP(Entradas[[#This Row],[Proveedor (código)]],Proveedores[[#All],[Código]:[Nombre fiscal]],2,FALSE)) -> Almacen Banco de Alimentos | E6: 0672EM | F6: =IF(Entradas[[#This Row],[Artículo (código)]]="","",VLOOKUP(Entradas[[#This Row],[Artículo (código)]],Existencias!A:D,4,FALSE)) -> Hot dog de pollo x 250 gr | G6: 18 | H6: =VLOOKUP(Entradas[[#This Row],[Artículo (código)]],Existencias!A:F,6,FALSE)*Entradas[[#This Row],[Cantidad]] -> 90.72 | I6: =Entradas[[#This Row],[Precio POR UNIDAD]]*Entradas[[#This Row],[Cantidad]] -> 1632.96
A7: 1 | B7: 46029 | C7: 8 | D7: =IF(Entradas[[#This Row],[Proveedor (código)]]="","",VLOOKUP(Entradas[[#This Row],[Proveedor (código)]],Proveedores[[#All],[Código]:[Nombre fiscal]],2,FALSE)) -> MOR | E7: 0474HU | F7: =IF(Entradas[[#This Row],[Artículo (código)]]="","",VLOOKUP(Entradas[[#This Row],[Artículo (código)]],Existencias!A:D,4,FALSE)) -> Huevo pardo | G7: 30 | H7: =VLOOKUP(Entradas[[#This Row],[Artículo (código)]],Existencias!A:F,6,FALSE)*Entradas[[#This Row],[Cantidad]] -> 0 | I7: =Entradas[[#This Row],[Precio POR UNIDAD]]*Entradas[[#This Row],[Cantidad]] -> 0
B8: 46031 | C8: 2 | D8: =IF(Entradas[[#This Row],[Proveedor (código)]]="","",VLOOKUP(Entradas[[#This Row],[Proveedor (código)]],Proveedores[[#All],[Código]:[Nombre fiscal]],2,FALSE)) -> PLAZA VEA B.A | E8: 0674EM | F8: =IF(Entradas[[#This Row],[Artículo (código)]]="","",VLOOKUP(Entradas[[#This Row],[Artículo (código)]],Existencias!A:D,4,FALSE)) -> Hot dog pavo | G8: 1 | H8: =VLOOKUP(Entradas[[#This Row],[Artículo (código)]],Existencias!A:F,6,FALSE)*Entradas[[#This Row],[Cantidad]] -> 1 | I8: =Entradas[[#This Row],[Precio POR UNIDAD]]*Entradas[[#This Row],[Cantidad]] -> 1
C9: 2 | D9: =IF(Entradas[[#This Row],[Proveedor (código)]]="","",VLOOKUP(Entradas[[#This Row],[Proveedor (código)]],Proveedores[[#All],[Código]:[Nombre fiscal]],2,FALSE)) -> PLAZA VEA B.A | E9: 0675EM | F9: =IF(Entradas[[#This Row],[Artículo (código)]]="","",VLOOKUP(Entradas[[#This Row],[Artículo (código)]],Existencias!A:D,4,FALSE)) -> Salchicha huachana | G9: 2 | H9: =VLOOKUP(Entradas[[#This Row],[Artículo (código)]],Existencias!A:F,6,FALSE)*Entradas[[#This Row],[Cantidad]] -> 4 | I9: =Entradas[[#This Row],[Precio POR UNIDAD]]*Entradas[[#This Row],[Cantidad]] -> 8
C10: 2 | D10: =IF(Entradas[[#This Row],[Proveedor (código)]]="","",VLOOKUP(Entradas[[#This Row],[Proveedor (código)]],Proveedores[[#All],[Código]:[Nombre fiscal]],2,FALSE)) -> PLAZA VEA B.A | E10: 0676EM | F10: =IF(Entradas[[#This Row],[Artículo (código)]]="","",VLOOKUP(Entradas[[#This Row],[Artículo (código)]],Existencias!A:D,4,FALSE)) -> Salchichon saborizado | G10: 1 | H10: =VLOOKUP(Entradas[[#This Row],[Artículo (código)]],Existencias!A:F,6,FALSE)*Entradas[[#This Row],[Cantidad]] -> 1 | I10: =Entradas[[#This Row],[Precio POR UNIDAD]]*Entradas[[#This Row],[Cantidad]] -> 1
B11: 46034 | C11: 4 | D11: =IF(Entradas[[#This Row],[Proveedor (código)]]="","",VLOOKUP(Entradas[[#This Row],[Proveedor (código)]],Proveedores[[#All],[Código]:[Nombre fiscal]],2,FALSE)) -> Metro B.A | E11: 0672EM | F11: =IF(Entradas[[#This Row],[Artículo (código)]]="","",VLOOKUP(Entradas[[#This Row],[Artículo (código)]],Existencias!A:D,4,FALSE)) -> Hot dog de pollo x 250 gr | G11: 8 | H11: =VLOOKUP(Entradas[[#This Row],[Artículo (código)]],Existencias!A:F,6,FALSE)*Entradas[[#This Row],[Cantidad]] -> 40.32 | I11: =Entradas[[#This Row],[Precio POR UNIDAD]]*Entradas[[#This Row],[Cantidad]] -> 322.56
B12: 46034 | C12: 4 | D12: =IF(Entradas[[#This Row],[Proveedor (código)]]="","",VLOOKUP(Entradas[[#This Row],[Proveedor (código)]],Proveedores[[#All],[Código]:[Nombre fiscal]],2,FALSE)) -> Metro B.A | E12: 0414LA | F12: =IF(Entradas[[#This Row],[Artículo (código)]]="","",VLOOKUP(Entradas[[#This Row],[Artículo (código)]],Existencias!A:D,4,FALSE)) -> Yogurt 120g bebible | G12: 19 | H12: =VLOOKUP(Entradas[[#This Row],[Artículo (código)]],Existencias!A:F,6,FALSE)*Entradas[[#This Row],[Cantidad]] -> 38.57 | I12: =Entradas[[#This Row],[Precio POR UNIDAD]]*Entradas[[#This Row],[Cantidad]] -> 732.83
B13: 46034 | C13: 4 | D13: =IF(Entradas[[#This Row],[Proveedor (código)]]="","",VLOOKUP(Entradas[[#This Row],[Proveedor (código)]],Proveedores[[#All],[Código]:[Nombre fiscal]],2,FALSE)) -> Metro B.A | E13: 0670EM | F13: =IF(Entradas[[#This Row],[Artículo (código)]]="","",VLOOKUP(Entradas[[#This Row],[Artículo (código)]],Existencias!A:D,4,FALSE)) -> Chorizo Parrillero x 4 | G13: 3 | H13: =VLOOKUP(Entradas[[#This Row],[Artículo (código)]],Existencias!A:F,6,FALSE)*Entradas[[#This Row],[Cantidad]] -> 25.62 | I13: =Entradas[[#This Row],[Precio POR UNIDAD]]*Entradas[[#This Row],[Cantidad]] -> 76.86
B14: 46034 | C14: 4 | D14: =IF(Entradas[[#This Row],[Proveedor (código)]]="","",VLOOKUP(Entradas[[#This Row],[Proveedor (código)]],Proveedores[[#All],[Código]:[Nombre fiscal]],2,FALSE)) -> Metro B.A | E14: 0160CR | F14: =IF(Entradas[[#This Row],[Artículo (código)]]="","",VLOOKUP(Entradas[[#This Row],[Artículo (código)]],Existencias!A:D,4,FALSE)) -> Arroz 5 kg | G14: 1 | H14: =VLOOKUP(Entradas[[#This Row],[Artículo (código)]],Existencias!A:F,6,FALSE)*Entradas[[#This Row],[Cantidad]] -> 24.95 | I14: =Entradas[[#This Row],[Precio POR UNIDAD]]*Entradas[[#This Row],[Cantidad]] -> 24.95
B15: 46034 | C15: 4 | D15: =IF(Entradas[[#This Row],[Proveedor (código)]]="","",VLOOKUP(Entradas[[#This Row],[Proveedor (código)]],Proveedores[[#All],[Código]:[Nombre fiscal]],2,FALSE)) -> Metro B.A | E15: 0187AZ | F15: =IF(Entradas[[#This Row],[Artículo (código)]]="","",VLOOKUP(Entradas[[#This Row],[Artículo (código)]],Existencias!A:D,4,FALSE)) -> Azucar blanca 2 kg | G15: 1 | H15: =VLOOKUP(Entradas[[#This Row],[Artículo (código)]],Existencias!A:F,6,FALSE)*Entradas[[#This Row],[Cantidad]] -> 7.36 | I15: =Entradas[[#This Row],[Precio POR UNIDAD]]*Entradas[[#This Row],[Cantidad]] -> 7.36
B16: 46034 | C16: 4 | D16: =IF(Entradas[[#This Row],[Proveedor (código)]]="","",VLOOKUP(Entradas[[#This Row],[Proveedor (código)]],Proveedores[[#All],[Código]:[Nombre fiscal]],2,FALSE)) -> Metro B.A | E16: 0185AZ | F16: =IF(Entradas[[#This Row],[Artículo (código)]]="","",VLOOKUP(Entradas[[#This Row],[Artículo (código)]],Existencias!A:D,4,FALSE)) -> Azucar blanca 1kg | G16: 1 | H16: =VLOOKUP(Entradas[[#This Row],[Artículo (código)]],Existencias!A:F,6,FALSE)*Entradas[[#This Row],[Cantidad]] -> 3.1 | I16: =Entradas[[#This Row],[Precio POR UNIDAD]]*Entradas[[#This Row],[Cantidad]] -> 3.1
B17: 46034 | C17: 4 | D17: =IF(Entradas[[#This Row],[Proveedor (código)]]="","",VLOOKUP(Entradas[[#This Row],[Proveedor (código)]],Proveedores[[#All],[Código]:[Nombre fiscal]],2,FALSE)) -> Metro B.A | E17: 0347FI | F17: =IF(Entradas[[#This Row],[Artículo (código)]]="","",VLOOKUP(Entradas[[#This Row],[Artículo (código)]],Existencias!A:D,4,FALSE)) -> Fideos cortos 250 gr | G17: 5 | H17: =VLOOKUP(Entradas[[#This Row],[Artículo (código)]],Existencias!A:F,6,FALSE)*Entradas[[#This Row],[Cantidad]] -> 12.9 | I17: =Entradas[[#This Row],[Precio POR UNIDAD]]*Entradas[[#This Row],[Cantidad]] -> 64.5
B18: 46034 | C18: 4 | D18: =IF(Entradas[[#This Row],[Proveedor (código)]]="","",VLOOKUP(Entradas[[#This Row],[Proveedor (código)]],Proveedores[[#All],[Código]:[Nombre fiscal]],2,FALSE)) -> Metro B.A | E18: 0344FI | F18: =IF(Entradas[[#This Row],[Artículo (código)]]="","",VLOOKUP(Entradas[[#This Row],[Artículo (código)]],Existencias!A:D,4,FALSE)) -> Fideos largos 500 gr | G18: 4 | H18: =VLOOKUP(Entradas[[#This Row],[Artículo (código)]],Existencias!A:F,6,FALSE)*Entradas[[#This Row],[Cantidad]] -> 10.84 | I18: =Entradas[[#This Row],[Precio POR UNIDAD]]*Entradas[[#This Row],[Cantidad]] -> 43.36
B19: 46034 | C19: 4 | D19: =IF(Entradas[[#This Row],[Proveedor (código)]]="","",VLOOKUP(Entradas[[#This Row],[Proveedor (código)]],Proveedores[[#All],[Código]:[Nombre fiscal]],2,FALSE)) -> Metro B.A | E19: 0266CN | F19: =IF(Entradas[[#This Row],[Artículo (código)]]="","",VLOOKUP(Entradas[[#This Row],[Artículo (código)]],Existencias!A:D,4,FALSE)) -> Sal Mesa 1kg | G19: 1 | H19: =VLOOKUP(Entradas[[#This Row],[Artículo (código)]],Existencias!A:F,6,FALSE)*Entradas[[#This Row],[Cantidad]] -> 1.67 | I19: =Entradas[[#This Row],[Precio POR UNIDAD]]*Entradas[[#This Row],[Cantidad]] -> 1.67
B20: 46034 | C20: 4 | D20: =IF(Entradas[[#This Row],[Proveedor (código)]]="","",VLOOKUP(Entradas[[#This Row],[Proveedor (código)]],Proveedores[[#All],[Código]:[Nombre fiscal]],2,FALSE)) -> Metro B.A | E20: 0345FI | F20: =IF(Entradas[[#This Row],[Artículo (código)]]="","",VLOOKUP(Entradas[[#This Row],[Artículo (código)]],Existencias!A:D,4,FALSE)) -> Fideos largos 900 gr | G20: 2 | H20: =VLOOKUP(Entradas[[#This Row],[Artículo (código)]],Existencias!A:F,6,FALSE)*Entradas[[#This Row],[Cantidad]] -> 9.5 | I20: =Entradas[[#This Row],[Precio POR UNIDAD]]*Entradas[[#This Row],[Cantidad]] -> 19
B21: 46034 | C21: 4 | D21: =IF(Entradas[[#This Row],[Proveedor (código)]]="","",VLOOKUP(Entradas[[#This Row],[Proveedor (código)]],Proveedores[[#All],[Código]:[Nombre fiscal]],2,FALSE)) -> Metro B.A | E21: 0149CR | F21: =IF(Entradas[[#This Row],[Artículo (código)]]="","",VLOOKUP(Entradas[[#This Row],[Artículo (código)]],Existencias!A:D,4,FALSE)) -> Avena 1 kl | G21: 1 | H21: =VLOOKUP(Entradas[[#This Row],[Artículo (código)]],Existencias!A:F,6,FALSE)*Entradas[[#This Row],[Cantidad]] -> 7.75 | I21: =Entradas[[#This Row],[Precio POR UNIDAD]]*Entradas[[#This Row],[Cantidad]] -> 7.75
B22: 46034 | C22: 4 | D22: =IF(Entradas[[#This Row],[Proveedor (código)]]="","",VLOOKUP(Entradas[[#This Row],[Proveedor (código)]],Proveedores[[#All],[Código]:[Nombre fiscal]],2,FALSE)) -> Metro B.A | E22: 0164CR | F22: =IF(Entradas[[#This Row],[Artículo (código)]]="","",VLOOKUP(Entradas[[#This Row],[Artículo (código)]],Existencias!A:D,4,FALSE)) -> Arroz Integral 1 kg | G22: 1 | H22: =VLOOKUP(Entradas[[#This Row],[Artículo (código)]],Existencias!A:F,6,FALSE)*Entradas[[#This Row],[Cantidad]] -> 4.69 | I22: =Entradas[[#This Row],[Precio POR UNIDAD]]*Entradas[[#This Row],[Cantidad]] -> 4.69
... B333: 46097 | C333: 4 | D333: =IF(Entradas[[#This Row],[Proveedor (código)]]="","",VLOOKUP(Entradas[[#This Row],[Proveedor (código)]],Proveedores[[#All],[Código]:[Nombre fiscal]],2,FALSE)) -> Metro B.A | E333: 0072ME | F333: =IF(Entradas[[#This Row],[Artículo (código)]]="","",VLOOKUP(Entradas[[#This Row],[Artículo (código)]],Existencias!A:D,4,FALSE)) -> Quinua Roja 500 gr | G333: 1 | H333: =VLOOKUP(Entradas[[#This Row],[Artículo (código)]],Existencias!A:F,6,FALSE)*Entradas[[#This Row],[Cantidad]] -> 0 | I333: =Entradas[[#This Row],[Precio POR UNIDAD]]*Entradas[[#This Row],[Cantidad]] -> 0
B334: 46097 | C334: 4 | D334: =IF(Entradas[[#This Row],[Proveedor (código)]]="","",VLOOKUP(Entradas[[#This Row],[Proveedor (código)]],Proveedores[[#All],[Código]:[Nombre fiscal]],2,FALSE)) -> Metro B.A | E334: 0118CO | F334: =IF(Entradas[[#This Row],[Artículo (código)]]="","",VLOOKUP(Entradas[[#This Row],[Artículo (código)]],Existencias!A:D,4,FALSE)) -> Trozo de atun aceite lata | G334: 4 | H334: =VLOOKUP(Entradas[[#This Row],[Artículo (código)]],Existencias!A:F,6,FALSE) -> 0 | I334: =Entradas[[#This Row],[Precio POR UNIDAD]]*Entradas[[#This Row],[Cantidad]] -> 0
B335: 46097 | C335: 2 | D335: =IF(Entradas[[#This Row],[Proveedor (código)]]="","",VLOOKUP(Entradas[[#This Row],[Proveedor (código)]],Proveedores[[#All],[Código]:[Nombre fiscal]],2,FALSE)) -> PLAZA VEA B.A | E335: 0522CE | F335: =IF(Entradas[[#This Row],[Artículo (código)]]="","",VLOOKUP(Entradas[[#This Row],[Artículo (código)]],Existencias!A:D,4,FALSE)) -> bondiola | G335: 0.9 | H335: =VLOOKUP(Entradas[[#This Row],[Artículo (código)]],Existencias!A:F,6,FALSE) -> 0 | I335: =Entradas[[#This Row],[Precio POR UNIDAD]]*Entradas[[#This Row],[Cantidad]] -> 0
B336: 46097 | C336: 2 | D336: =IF(Entradas[[#This Row],[Proveedor (código)]]="","",VLOOKUP(Entradas[[#This Row],[Proveedor (código)]],Proveedores[[#All],[Código]:[Nombre fiscal]],2,FALSE)) -> PLAZA VEA B.A | E336: 0502AV | F336: =IF(Entradas[[#This Row],[Artículo (código)]]="","",VLOOKUP(Entradas[[#This Row],[Artículo (código)]],Existencias!A:D,4,FALSE)) -> Alas natural | G336: 0.95 | H336: =VLOOKUP(Entradas[[#This Row],[Artículo (código)]],Existencias!A:F,6,FALSE) -> 0 | I336: =Entradas[[#This Row],[Precio POR UNIDAD]]*Entradas[[#This Row],[Cantidad]] -> 0
B337: 46097 | C337: 2 | D337: =IF(Entradas[[#This Row],[Proveedor (código)]]="","",VLOOKUP(Entradas[[#This Row],[Proveedor (código)]],Proveedores[[#All],[Código]:[Nombre fiscal]],2,FALSE)) -> PLAZA VEA B.A | E337: 0500AV | F337: =IF(Entradas[[#This Row],[Artículo (código)]]="","",VLOOKUP(Entradas[[#This Row],[Artículo (código)]],Existencias!A:D,4,FALSE)) -> Higado de pollo | G337: 1.56 | H337: =VLOOKUP(Entradas[[#This Row],[Artículo (código)]],Existencias!A:F,6,FALSE) -> 0 | I337: =Entradas[[#This Row],[Precio POR UNIDAD]]*Entradas[[#This Row],[Cantidad]] -> 0
B338: 46097 | C338: 2 | D338: =IF(Entradas[[#This Row],[Proveedor (código)]]="","",VLOOKUP(Entradas[[#This Row],[Proveedor (código)]],Proveedores[[#All],[Código]:[Nombre fiscal]],2,FALSE)) -> PLAZA VEA B.A | E338: 0497AV | F338: =IF(Entradas[[#This Row],[Artículo (código)]]="","",VLOOKUP(Entradas[[#This Row],[Artículo (código)]],Existencias!A:D,4,FALSE)) -> Pollo piernas c/ encuentro bandeja | G338: 2.23 | H338: =VLOOKUP(Entradas[[#This Row],[Artículo (código)]],Existencias!A:F,6,FALSE) -> 0 | I338: =Entradas[[#This Row],[Precio POR UNIDAD]]*Entradas[[#This Row],[Cantidad]] -> 0
B339: 46097 | C339: 2 | D339: =IF(Entradas[[#This Row],[Proveedor (código)]]="","",VLOOKUP(Entradas[[#This Row],[Proveedor (código)]],Proveedores[[#All],[Código]:[Nombre fiscal]],2,FALSE)) -> PLAZA VEA B.A | E339: 0516AV | F339: =IF(Entradas[[#This Row],[Artículo (código)]]="","",VLOOKUP(Entradas[[#This Row],[Artículo (código)]],Existencias!A:D,4,FALSE)) -> Piernas de pollo kg | G339: 2.06 | H339: =VLOOKUP(Entradas[[#This Row],[Artículo (código)]],Existencias!A:F,6,FALSE) -> 12.12 | I339: =Entradas[[#This Row],[Precio POR UNIDAD]]*Entradas[[#This Row],[Cantidad]] -> 24.9672
B340: 46097 | C340: 2 | D340: =IF(Entradas[[#This Row],[Proveedor (código)]]="","",VLOOKUP(Entradas[[#This Row],[Proveedor (código)]],Proveedores[[#All],[Código]:[Nombre fiscal]],2,FALSE)) -> PLAZA VEA B.A | E340: 0528CE | F340: =IF(Entradas[[#This Row],[Artículo (código)]]="","",VLOOKUP(Entradas[[#This Row],[Artículo (código)]],Existencias!A:D,4,FALSE)) -> Medallon de lomo | G340: 1 | H340: =VLOOKUP(Entradas[[#This Row],[Artículo (código)]],Existencias!A:F,6,FALSE) -> 0 | I340: =Entradas[[#This Row],[Precio POR UNIDAD]]*Entradas[[#This Row],[Cantidad]] -> 0
B341: 46097 | C341: 2 | D341: =IF(Entradas[[#This Row],[Proveedor (código)]]="","",VLOOKUP(Entradas[[#This Row],[Proveedor (código)]],Proveedores[[#All],[Código]:[Nombre fiscal]],2,FALSE)) -> PLAZA VEA B.A | E341: 0159CR | F341: =IF(Entradas[[#This Row],[Artículo (código)]]="","",VLOOKUP(Entradas[[#This Row],[Artículo (código)]],Existencias!A:D,4,FALSE)) -> Arroz 1 kg | G341: 3 | H341: =VLOOKUP(Entradas[[#This Row],[Artículo (código)]],Existencias!A:F,6,FALSE) -> 4.73 | I341: =Entradas[[#This Row],[Precio POR UNIDAD]]*Entradas[[#This Row],[Cantidad]] -> 14.19
B342: 46097 | C342: 2 | D342: =IF(Entradas[[#This Row],[Proveedor (código)]]="","",VLOOKUP(Entradas[[#This Row],[Proveedor (código)]],Proveedores[[#All],[Código]:[Nombre fiscal]],2,FALSE)) -> PLAZA VEA B.A | E342: 0126CO | F342: =IF(Entradas[[#This Row],[Artículo (código)]]="","",VLOOKUP(Entradas[[#This Row],[Artículo (código)]],Existencias!A:D,4,FALSE)) -> Piña en almibar 500 gr lata | G342: 10 | H342: =VLOOKUP(Entradas[[#This Row],[Artículo (código)]],Existencias!A:F,6,FALSE) -> 0 | I342: =Entradas[[#This Row],[Precio POR UNIDAD]]*Entradas[[#This Row],[Cantidad]] -> 0
B343: 46097 | C343: 2 | D343: =IF(Entradas[[#This Row],[Proveedor (código)]]="","",VLOOKUP(Entradas[[#This Row],[Proveedor (código)]],Proveedores[[#All],[Código]:[Nombre fiscal]],2,FALSE)) -> PLAZA VEA B.A | E343: 0229IN | F343: =IF(Entradas[[#This Row],[Artículo (código)]]="","",VLOOKUP(Entradas[[#This Row],[Artículo (código)]],Existencias!A:D,4,FALSE)) -> Chocolisto marshmallow 150 | G343: 68 | H343: =VLOOKUP(Entradas[[#This Row],[Artículo (código)]],Existencias!A:F,6,FALSE) -> 0 | I343: =Entradas[[#This Row],[Precio POR UNIDAD]]*Entradas[[#This Row],[Cantidad]] -> 0
B344: 46097 | C344: 2 | D344: =IF(Entradas[[#This Row],[Proveedor (código)]]="","",VLOOKUP(Entradas[[#This Row],[Proveedor (código)]],Proveedores[[#All],[Código]:[Nombre fiscal]],2,FALSE)) -> PLAZA VEA B.A | E344: 0051ME | F344: =IF(Entradas[[#This Row],[Artículo (código)]]="","",VLOOKUP(Entradas[[#This Row],[Artículo (código)]],Existencias!A:D,4,FALSE)) -> Pallar 500 gr | G344: 3 | H344: =VLOOKUP(Entradas[[#This Row],[Artículo (código)]],Existencias!A:F,6,FALSE) -> 0 | I344: =Entradas[[#This Row],[Precio POR UNIDAD]]*Entradas[[#This Row],[Cantidad]] -> 0
B345: 46097 | C345: 2 | D345: =IF(Entradas[[#This Row],[Proveedor (código)]]="","",VLOOKUP(Entradas[[#This Row],[Proveedor (código)]],Proveedores[[#All],[Código]:[Nombre fiscal]],2,FALSE)) -> PLAZA VEA B.A | E345: 0065ME | F345: =IF(Entradas[[#This Row],[Artículo (código)]]="","",VLOOKUP(Entradas[[#This Row],[Artículo (código)]],Existencias!A:D,4,FALSE)) -> Quinua 500 gr | G345: 1 | H345: =VLOOKUP(Entradas[[#This Row],[Artículo (código)]],Existencias!A:F,6,FALSE) -> 8.21 | I345: =Entradas[[#This Row],[Precio POR UNIDAD]]*Entradas[[#This Row],[Cantidad]] -> 8.21
... B350: 46097 | C350: 2 | D350: =IF(Entradas[[#This Row],[Proveedor (código)]]="","",VLOOKUP(Entradas[[#This Row],[Proveedor (código)]],Proveedores[[#All],[Código]:[Nombre fiscal]],2,FALSE)) -> PLAZA VEA B.A | E350: 0395LA | F350: =IF(Entradas[[#This Row],[Artículo (código)]]="","",VLOOKUP(Entradas[[#This Row],[Artículo (código)]],Existencias!A:D,4,FALSE)) -> Leche Evaporada 390 gr lata | G350: 6 | H350: =VLOOKUP(Entradas[[#This Row],[Artículo (código)]],Existencias!A:F,6,FALSE) -> 0 | I350: =Entradas[[#This Row],[Precio POR UNIDAD]]*Entradas[[#This Row],[Cantidad]] -> 0
B351: 46097 | C351: 2 | D351: =IF(Entradas[[#This Row],[Proveedor (código)]]="","",VLOOKUP(Entradas[[#This Row],[Proveedor (código)]],Proveedores[[#All],[Código]:[Nombre fiscal]],2,FALSE)) -> PLAZA VEA B.A | F351: =IF(Entradas[[#This Row],[Artículo (código)]]="","",VLOOKUP(Entradas[[#This Row],[Artículo (código)]],Existencias!A:D,4,FALSE)) | H351: =VLOOKUP(Entradas[[#This Row],[Artículo (código)]],Existencias!A:F,6,FALSE) -> #N/A | I351: =Entradas[[#This Row],[Precio POR UNIDAD]]*Entradas[[#This Row],[Cantidad]] -> #N/A
B352: 46097 | C352: 2 | D352: =IF(Entradas[[#This Row],[Proveedor (código)]]="","",VLOOKUP(Entradas[[#This Row],[Proveedor (código)]],Proveedores[[#All],[Código]:[Nombre fiscal]],2,FALSE)) -> PLAZA VEA B.A | F352: =IF(Entradas[[#This Row],[Artículo (código)]]="","",VLOOKUP(Entradas[[#This Row],[Artículo (código)]],Existencias!A:D,4,FALSE)) | H352: =VLOOKUP(Entradas[[#This Row],[Artículo (código)]],Existencias!A:F,6,FALSE) -> #N/A | I352: =Entradas[[#This Row],[Precio POR UNIDAD]]*Entradas[[#This Row],[Cantidad]] -> #N/A
D353: =IF(Entradas[[#This Row],[Proveedor (código)]]="","",VLOOKUP(Entradas[[#This Row],[Proveedor (código)]],Proveedores[[#All],[Código]:[Nombre fiscal]],2,FALSE)) | F353: =IF(Entradas[[#This Row],[Artículo (código)]]="","",VLOOKUP(Entradas[[#This Row],[Artículo (código)]],Existencias!A:D,4,FALSE)) | H353: =VLOOKUP(Entradas[[#This Row],[Artículo (código)]],Existencias!A:F,6,FALSE) -> #N/A | I353: =Entradas[[#This Row],[Precio POR UNIDAD]]*Entradas[[#This Row],[Cantidad]] -> #N/A
D354: =IF(Entradas[[#This Row],[Proveedor (código)]]="","",VLOOKUP(Entradas[[#This Row],[Proveedor (código)]],Proveedores[[#All],[Código]:[Nombre fiscal]],2,FALSE)) | F354: =IF(Entradas[[#This Row],[Artículo (código)]]="","",VLOOKUP(Entradas[[#This Row],[Artículo (código)]],Existencias!A:D,4,FALSE)) | H354: =VLOOKUP(Entradas[[#This Row],[Artículo (código)]],Existencias!A:F,6,FALSE) -> #N/A | I354: =Entradas[[#This Row],[Precio POR UNIDAD]]*Entradas[[#This Row],[Cantidad]] -> #N/A
D355: =IF(Entradas[[#This Row],[Proveedor (código)]]="","",VLOOKUP(Entradas[[#This Row],[Proveedor (código)]],Proveedores[[#All],[Código]:[Nombre fiscal]],2,FALSE)) | F355: =IF(Entradas[[#This Row],[Artículo (código)]]="","",VLOOKUP(Entradas[[#This Row],[Artículo (código)]],Existencias!A:D,4,FALSE)) | H355: =VLOOKUP(Entradas[[#This Row],[Artículo (código)]],Existencias!A:F,6,FALSE) -> #N/A | I355: =Entradas[[#This Row],[Precio POR UNIDAD]]*Entradas[[#This Row],[Cantidad]] -> #N/A
D356: =IF(Entradas[[#This Row],[Proveedor (código)]]="","",VLOOKUP(Entradas[[#This Row],[Proveedor (código)]],Proveedores[[#All],[Código]:[Nombre fiscal]],2,FALSE)) | F356: =IF(Entradas[[#This Row],[Artículo (código)]]="","",VLOOKUP(Entradas[[#This Row],[Artículo (código)]],Existencias!A:D,4,FALSE)) | H356: =VLOOKUP(Entradas[[#This Row],[Artículo (código)]],Existencias!A:F,6,FALSE) -> #N/A | I356: =Entradas[[#This Row],[Precio POR UNIDAD]]*Entradas[[#This Row],[Cantidad]] -> #N/A
D357: =IF(Entradas[[#This Row],[Proveedor (código)]]="","",VLOOKUP(Entradas[[#This Row],[Proveedor (código)]],Proveedores[[#All],[Código]:[Nombre fiscal]],2,FALSE)) | F357: =IF(Entradas[[#This Row],[Artículo (código)]]="","",VLOOKUP(Entradas[[#This Row],[Artículo (código)]],Existencias!A:D,4,FALSE)) | H357: =VLOOKUP(Entradas[[#This Row],[Artículo (código)]],Existencias!A:F,6,FALSE) -> #N/A | I357: =Entradas[[#This Row],[Precio POR UNIDAD]]*Entradas[[#This Row],[Cantidad]] -> #N/A
D358: =IF(Entradas[[#This Row],[Proveedor (código)]]="","",VLOOKUP(Entradas[[#This Row],[Proveedor (código)]],Proveedores[[#All],[Código]:[Nombre fiscal]],2,FALSE)) | F358: =IF(Entradas[[#This Row],[Artículo (código)]]="","",VLOOKUP(Entradas[[#This Row],[Artículo (código)]],Existencias!A:D,4,FALSE)) | H358: =VLOOKUP(Entradas[[#This Row],[Artículo (código)]],Existencias!A:F,6,FALSE) -> #N/A | I358: =Entradas[[#This Row],[Precio POR UNIDAD]]*Entradas[[#This Row],[Cantidad]] -> #N/A
D359: =IF(Entradas[[#This Row],[Proveedor (código)]]="","",VLOOKUP(Entradas[[#This Row],[Proveedor (código)]],Proveedores[[#All],[Código]:[Nombre fiscal]],2,FALSE)) | F359: =IF(Entradas[[#This Row],[Artículo (código)]]="","",VLOOKUP(Entradas[[#This Row],[Artículo (código)]],Existencias!A:D,4,FALSE)) | H359: =VLOOKUP(Entradas[[#This Row],[Artículo (código)]],Existencias!A:F,6,FALSE) -> #N/A | I359: =Entradas[[#This Row],[Precio POR UNIDAD]]*Entradas[[#This Row],[Cantidad]] -> #N/A
D360: =IF(Entradas[[#This Row],[Proveedor (código)]]="","",VLOOKUP(Entradas[[#This Row],[Proveedor (código)]],Proveedores[[#All],[Código]:[Nombre fiscal]],2,FALSE)) | F360: =IF(Entradas[[#This Row],[Artículo (código)]]="","",VLOOKUP(Entradas[[#This Row],[Artículo (código)]],Existencias!A:D,4,FALSE)) | H360: =VLOOKUP(Entradas[[#This Row],[Artículo (código)]],Existencias!A:F,6,FALSE) -> #N/A | I360: =Entradas[[#This Row],[Precio POR UNIDAD]]*Entradas[[#This Row],[Cantidad]] -> #N/A
D361: =IF(Entradas[[#This Row],[Proveedor (código)]]="","",VLOOKUP(Entradas[[#This Row],[Proveedor (código)]],Proveedores[[#All],[Código]:[Nombre fiscal]],2,FALSE)) | F361: =IF(Entradas[[#This Row],[Artículo (código)]]="","",VLOOKUP(Entradas[[#This Row],[Artículo (código)]],Existencias!A:D,4,FALSE)) | H361: =VLOOKUP(Entradas[[#This Row],[Artículo (código)]],Existencias!A:F,6,FALSE) -> #N/A | I361: =Entradas[[#This Row],[Precio POR UNIDAD]]*Entradas[[#This Row],[Cantidad]] -> #N/A
D362: =IF(Entradas[[#This Row],[Proveedor (código)]]="","",VLOOKUP(Entradas[[#This Row],[Proveedor (código)]],Proveedores[[#All],[Código]:[Nombre fiscal]],2,FALSE)) | F362: =IF(Entradas[[#This Row],[Artículo (código)]]="","",VLOOKUP(Entradas[[#This Row],[Artículo (código)]],Existencias!A:D,4,FALSE)) | H362: =VLOOKUP(Entradas[[#This Row],[Artículo (código)]],Existencias!A:F,6,FALSE) -> #N/A | I362: =Entradas[[#This Row],[Precio POR UNIDAD]]*Entradas[[#This Row],[Cantidad]] -> #N/A
D363: =IF(Entradas[[#This Row],[Proveedor (código)]]="","",VLOOKUP(Entradas[[#This Row],[Proveedor (código)]],Proveedores[[#All],[Código]:[Nombre fiscal]],2,FALSE)) | F363: =IF(Entradas[[#This Row],[Artículo (código)]]="","",VLOOKUP(Entradas[[#This Row],[Artículo (código)]],Existencias!A:D,4,FALSE)) | H363: =VLOOKUP(Entradas[[#This Row],[Artículo (código)]],Existencias!A:F,6,FALSE) -> #N/A | I363: =Entradas[[#This Row],[Precio POR UNIDAD]]*Entradas[[#This Row],[Cantidad]] -> #N/A
D364: =IF(Entradas[[#This Row],[Proveedor (código)]]="","",VLOOKUP(Entradas[[#This Row],[Proveedor (código)]],Proveedores[[#All],[Código]:[Nombre fiscal]],2,FALSE)) | F364: =IF(Entradas[[#This Row],[Artículo (código)]]="","",VLOOKUP(Entradas[[#This Row],[Artículo (código)]],Existencias!A:D,4,FALSE)) | H364: =VLOOKUP(Entradas[[#This Row],[Artículo (código)]],Existencias!A:F,6,FALSE) -> #N/A | I364: =Entradas[[#This Row],[Precio POR UNIDAD]]*Entradas[[#This Row],[Cantidad]] -> #N/A
... D369: =IF(Entradas[[#This Row],[Proveedor (código)]]="","",VLOOKUP(Entradas[[#This Row],[Proveedor (código)]],Proveedores[[#All],[Código]:[Nombre fiscal]],2,FALSE)) | F369: =IF(Entradas[[#This Row],[Artículo (código)]]="","",VLOOKUP(Entradas[[#This Row],[Artículo (código)]],Existencias!A:D,4,FALSE)) | H369: =VLOOKUP(Entradas[[#This Row],[Artículo (código)]],Existencias!A:F,6,FALSE) -> #N/A | I369: =Entradas[[#This Row],[Precio POR UNIDAD]]*Entradas[[#This Row],[Cantidad]] -> #N/A
D370: =IF(Entradas[[#This Row],[Proveedor (código)]]="","",VLOOKUP(Entradas[[#This Row],[Proveedor (código)]],Proveedores[[#All],[Código]:[Nombre fiscal]],2,FALSE)) | F370: =IF(Entradas[[#This Row],[Artículo (código)]]="","",VLOOKUP(Entradas[[#This Row],[Artículo (código)]],Existencias!A:D,4,FALSE)) | I370: =Entradas[[#This Row],[Precio POR UNIDAD]]*Entradas[[#This Row],[Cantidad]] -> 0
D371: =IF(Entradas[[#This Row],[Proveedor (código)]]="","",VLOOKUP(Entradas[[#This Row],[Proveedor (código)]],Proveedores[[#All],[Código]:[Nombre fiscal]],2,FALSE)) | F371: =IF(Entradas[[#This Row],[Artículo (código)]]="","",VLOOKUP(Entradas[[#This Row],[Artículo (código)]],Existencias!A:D,4,FALSE)) | I371: =Entradas[[#This Row],[Precio POR UNIDAD]]*Entradas[[#This Row],[Cantidad]] -> 0
A372: Total | G372: =SUBTOTAL(109,Entradas[Cantidad]) -> 1851.16 | H372: =SUBTOTAL(109,Entradas[Precio POR UNIDAD]) -> #N/A

Sheet Salidas
B2: Fecha | C2: Cliente (código) | D2: Cliente (nombre) | E2: Artículo (código) | F2: Artículo (nombre) | G2: Cantidad | H2: Precio
A3: 1 | B3: 45661 | C3: 1 | D3: Aldimi | E3: 0149CR | F3: =IF(Salidas[[#This Row],[Artículo (código)]]="","",VLOOKUP(Salidas[[#This Row],[Artículo (código)]],Existencias!A:D,4,FALSE)) -> Avena 1 kl | G3: 1 | H3: =IF(Salidas[[#This Row],[Artículo (código)]]="","",VLOOKUP(Salidas[[#This Row],[Artículo (código)]],Existencias!A:F,7,FALSE)) -> #REF!
B4: 45661 | C4: 1 | D4: Aldimi | E4: 0395LA | F4: =IF(Salidas[[#This Row],[Artículo (código)]]="","",VLOOKUP(Salidas[[#This Row],[Artículo (código)]],Existencias!A:D,4,FALSE)) -> Leche Evaporada 390 gr lata | G4: 7 | H4: =IF(Salidas[[#This Row],[Artículo (código)]]="","",VLOOKUP(Salidas[[#This Row],[Artículo (código)]],Existencias!A:F,7,FALSE)) -> #REF!
B5: 46026 | C5: 1 | D5: Aldimi | E5: 0474HU | F5: =IF(Salidas[[#This Row],[Artículo (código)]]="","",VLOOKUP(Salidas[[#This Row],[Artículo (código)]],Existencias!A:D,4,FALSE)) -> Huevo pardo | G5: 25 | H5: =IF(Salidas[[#This Row],[Artículo (código)]]="","",VLOOKUP(Salidas[[#This Row],[Artículo (código)]],Existencias!A:F,7,FALSE)) -> #REF!
B6: 46026 | C6: 1 | D6: Aldimi | E6: 0190AZ | F6: =IF(Salidas[[#This Row],[Artículo (código)]]="","",VLOOKUP(Salidas[[#This Row],[Artículo (código)]],Existencias!A:D,4,FALSE)) -> Azucar rubia 1kg | G6: 1 | H6: =IF(Salidas[[#This Row],[Artículo (código)]]="","",VLOOKUP(Salidas[[#This Row],[Artículo (código)]],Existencias!A:F,7,FALSE)) -> #REF!
B7: 46026 | C7: 1 | D7: Aldimi | E7: 0345FI | F7: =IF(Salidas[[#This Row],[Artículo (código)]]="","",VLOOKUP(Salidas[[#This Row],[Artículo (código)]],Existencias!A:D,4,FALSE)) -> Fideos largos 900 gr | G7: 4 | H7: =IF(Salidas[[#This Row],[Artículo (código)]]="","",VLOOKUP(Salidas[[#This Row],[Artículo (código)]],Existencias!A:F,7,FALSE)) -> #REF!
B8: 46026 | C8: 1 | D8: Aldimi | E8: 0118CO | F8: =IF(Salidas[[#This Row],[Artículo (código)]]="","",VLOOKUP(Salidas[[#This Row],[Artículo (código)]],Existencias!A:D,4,FALSE)) -> Trozo de atun aceite lata | G8: 20 | H8: =IF(Salidas[[#This Row],[Artículo (código)]]="","",VLOOKUP(Salidas[[#This Row],[Artículo (código)]],Existencias!A:F,7,FALSE)) -> #REF!
B9: 46026 | C9: 1 | D9: Aldimi | E9: 0493AV | F9: =IF(Salidas[[#This Row],[Artículo (código)]]="","",VLOOKUP(Salidas[[#This Row],[Artículo (código)]],Existencias!A:D,4,FALSE)) -> Pollo fresco entero | G9: 2 | H9: =IF(Salidas[[#This Row],[Artículo (código)]]="","",VLOOKUP(Salidas[[#This Row],[Artículo (código)]],Existencias!A:F,7,FALSE)) -> #REF!
B10: 46026 | C10: 1 | D10: Aldimi | E10: 0293CN | F10: =IF(Salidas[[#This Row],[Artículo (código)]]="","",VLOOKUP(Salidas[[#This Row],[Artículo (código)]],Existencias!A:D,4,FALSE)) -> Salsa de tomate 145 gr | G10: 1 | H10: =IF(Salidas[[#This Row],[Artículo (código)]]="","",VLOOKUP(Salidas[[#This Row],[Artículo (código)]],Existencias!A:F,7,FALSE)) -> #REF!
B11: 46026 | C11: 1 | D11: Aldimi | E11: 0266CN | F11: =IF(Salidas[[#This Row],[Artículo (código)]]="","",VLOOKUP(Salidas[[#This Row],[Artículo (código)]],Existencias!A:D,4,FALSE)) -> Sal Mesa 1kg | G11: 1 | H11: =IF(Salidas[[#This Row],[Artículo (código)]]="","",VLOOKUP(Salidas[[#This Row],[Artículo (código)]],Existencias!A:F,7,FALSE)) -> #REF!
B12: 46027 | C12: 1 | D12: Aldimi | E12: 0149CR | F12: =IF(Salidas[[#This Row],[Artículo (código)]]="","",VLOOKUP(Salidas[[#This Row],[Artículo (código)]],Existencias!A:D,4,FALSE)) -> Avena 1 kl | G12: 1 | H12: =IF(Salidas[[#This Row],[Artículo (código)]]="","",VLOOKUP(Salidas[[#This Row],[Artículo (código)]],Existencias!A:F,7,FALSE)) -> #REF!
B13: 46027 | C13: 1 | D13: Aldimi | E13: 0474HU | F13: =IF(Salidas[[#This Row],[Artículo (código)]]="","",VLOOKUP(Salidas[[#This Row],[Artículo (código)]],Existencias!A:D,4,FALSE)) -> Huevo pardo | G13: 30 | H13: =IF(Salidas[[#This Row],[Artículo (código)]]="","",VLOOKUP(Salidas[[#This Row],[Artículo (código)]],Existencias!A:F,7,FALSE)) -> #REF!
B14: 46027 | C14: 1 | D14: Aldimi | E14: 0190AZ | F14: =IF(Salidas[[#This Row],[Artículo (código)]]="","",VLOOKUP(Salidas[[#This Row],[Artículo (código)]],Existencias!A:D,4,FALSE)) -> Azucar rubia 1kg | G14: 1 | H14: =IF(Salidas[[#This Row],[Artículo (código)]]="","",VLOOKUP(Salidas[[#This Row],[Artículo (código)]],Existencias!A:F,7,FALSE)) -> #REF!
B15: 46027 | C15: 1 | D15: Aldimi | E15: 0059ME | F15: =IF(Salidas[[#This Row],[Artículo (código)]]="","",VLOOKUP(Salidas[[#This Row],[Artículo (código)]],Existencias!A:D,4,FALSE)) -> Papa Seca 1 kg | G15: 3 | H15: =IF(Salidas[[#This Row],[Artículo (código)]]="","",VLOOKUP(Salidas[[#This Row],[Artículo (código)]],Existencias!A:F,7,FALSE)) -> #REF!
... B267: 46063 | C267: 1 | D267: Aldimi | E267: 0149CR | F267: =IF(Salidas[[#This Row],[Artículo (código)]]="","",VLOOKUP(Salidas[[#This Row],[Artículo (código)]],Existencias!A:D,4,FALSE)) -> Avena 1 kl | G267: 1 | H267: =IF(Salidas[[#This Row],[Artículo (código)]]="","",VLOOKUP(Salidas[[#This Row],[Artículo (código)]],Existencias!A:F,7,FALSE)) -> #REF!
B268: 46063 | C268: 1 | D268: Aldimi | E268: 0047ME | F268: =IF(Salidas[[#This Row],[Artículo (código)]]="","",VLOOKUP(Salidas[[#This Row],[Artículo (código)]],Existencias!A:D,4,FALSE)) -> Moron 1 kl | G268: 0.75. | H268: =IF(Salidas[[#This Row],[Artículo (código)]]="","",VLOOKUP(Salidas[[#This Row],[Artículo (código)]],Existencias!A:F,7,FALSE)) -> #REF!
B269: 46063 | C269: 1 | D269: Aldimi | E269: 0493AV | F269: =IF(Salidas[[#This Row],[Artículo (código)]]="","",VLOOKUP(Salidas[[#This Row],[Artículo (código)]],Existencias!A:D,4,FALSE)) -> Pollo fresco entero | G269: 2 | H269: =IF(Salidas[[#This Row],[Artículo (código)]]="","",VLOOKUP(Salidas[[#This Row],[Artículo (código)]],Existencias!A:F,7,FALSE)) -> #REF!
B270: 46063 | C270: 1 | D270: Aldimi | E270: 0160CR | F270: =IF(Salidas[[#This Row],[Artículo (código)]]="","",VLOOKUP(Salidas[[#This Row],[Artículo (código)]],Existencias!A:D,4,FALSE)) -> Arroz 5 kg | G270: 1 | H270: =IF(Salidas[[#This Row],[Artículo (código)]]="","",VLOOKUP(Salidas[[#This Row],[Artículo (código)]],Existencias!A:F,7,FALSE)) -> #REF!
B271: 46063 | C271: 1 | D271: Aldimi | E271: 0090AC | F271: =IF(Salidas[[#This Row],[Artículo (código)]]="","",VLOOKUP(Salidas[[#This Row],[Artículo (código)]],Existencias!A:D,4,FALSE)) -> Aceite Vegetal 900 ml | G271: 1 | H271: =IF(Salidas[[#This Row],[Artículo (código)]]="","",VLOOKUP(Salidas[[#This Row],[Artículo (código)]],Existencias!A:F,7,FALSE)) -> #REF!
B272: 46063 | C272: 1 | D272: Aldimi | E272: 0265CN | F272: =IF(Salidas[[#This Row],[Artículo (código)]]="","",VLOOKUP(Salidas[[#This Row],[Artículo (código)]],Existencias!A:D,4,FALSE)) -> Sal cocina 1kg | G272: 2 | H272: =IF(Salidas[[#This Row],[Artículo (código)]]="","",VLOOKUP(Salidas[[#This Row],[Artículo (código)]],Existencias!A:F,7,FALSE)) -> #REF!
B273: 46064 | C273: 1 | D273: Aldimi | E273: 0149CR | F273: =IF(Salidas[[#This Row],[Artículo (código)]]="","",VLOOKUP(Salidas[[#This Row],[Artículo (código)]],Existencias!A:D,4,FALSE)) -> Avena 1 kl | G273: 1 | H273: =IF(Salidas[[#This Row],[Artículo (código)]]="","",VLOOKUP(Salidas[[#This Row],[Artículo (código)]],Existencias!A:F,7,FALSE)) -> #REF!
B274: 46064 | C274: 1 | D274: Aldimi | E274: 0474HU | F274: =IF(Salidas[[#This Row],[Artículo (código)]]="","",VLOOKUP(Salidas[[#This Row],[Artículo (código)]],Existencias!A:D,4,FALSE)) -> Huevo pardo | G274: 20 | H274: =IF(Salidas[[#This Row],[Artículo (código)]]="","",VLOOKUP(Salidas[[#This Row],[Artículo (código)]],Existencias!A:F,7,FALSE)) -> #REF!
B275: 46064 | C275: 1 | D275: Aldimi | E275: 0160CR | F275: =IF(Salidas[[#This Row],[Artículo (código)]]="","",VLOOKUP(Salidas[[#This Row],[Artículo (código)]],Existencias!A:D,4,FALSE)) -> Arroz 5 kg | G275: 1 | H275: =IF(Salidas[[#This Row],[Artículo (código)]]="","",VLOOKUP(Salidas[[#This Row],[Artículo (código)]],Existencias!A:F,7,FALSE)) -> #REF!
B276: 46064 | C276: 1 | D276: Aldimi | E276: 0511AV | F276: =IF(Salidas[[#This Row],[Artículo (código)]]="","",VLOOKUP(Salidas[[#This Row],[Artículo (código)]],Existencias!A:D,4,FALSE)) -> Medallones de pavo | G276: 3 | H276: =IF(Salidas[[#This Row],[Artículo (código)]]="","",VLOOKUP(Salidas[[#This Row],[Artículo (código)]],Existencias!A:F,7,FALSE)) -> #REF!
B277: 46064 | C277: 1 | D277: Aldimi | E277: 0090AC | F277: =IF(Salidas[[#This Row],[Artículo (código)]]="","",VLOOKUP(Salidas[[#This Row],[Artículo (código)]],Existencias!A:D,4,FALSE)) -> Aceite Vegetal 900 ml | G277: 2 | H277: =IF(Salidas[[#This Row],[Artículo (código)]]="","",VLOOKUP(Salidas[[#This Row],[Artículo (código)]],Existencias!A:F,7,FALSE)) -> #REF!
B278: 46064 | C278: 1 | D278: Aldimi | E278: 0347FI | F278: =IF(Salidas[[#This Row],[Artículo (código)]]="","",VLOOKUP(Salidas[[#This Row],[Artículo (código)]],Existencias!A:D,4,FALSE)) -> Fideos cortos 250 gr | G278: 3 | H278: =IF(Salidas[[#This Row],[Artículo (código)]]="","",VLOOKUP(Salidas[[#This Row],[Artículo (código)]],Existencias!A:F,7,FALSE)) -> #REF!
B279: 46064 | C279: 1 | D279: Aldimi | E279: 0332GE | F279: =IF(Salidas[[#This Row],[Artículo (código)]]="","",VLOOKUP(Salidas[[#This Row],[Artículo (código)]],Existencias!A:D,4,FALSE)) -> GELATINA 160 gr | G279: 4 | H279: =IF(Salidas[[#This Row],[Artículo (código)]]="","",VLOOKUP(Salidas[[#This Row],[Artículo (código)]],Existencias!A:F,7,FALSE)) -> #REF!
B280: 46065 | C280: 1 | D280: Aldimi | E280: 0066ME | F280: =IF(Salidas[[#This Row],[Artículo (código)]]="","",VLOOKUP(Salidas[[#This Row],[Artículo (código)]],Existencias!A:D,4,FALSE)) -> Quinua 1 kg | G280: 0.75 | H280: =IF(Salidas[[#This Row],[Artículo (código)]]="","",VLOOKUP(Salidas[[#This Row],[Artículo (código)]],Existencias!A:F,7,FALSE)) -> #REF!
... B343: 46075 | C343: 1 | D343: Aldimi | E343: 0090AC | F343: =IF(Salidas[[#This Row],[Artículo (código)]]="","",VLOOKUP(Salidas[[#This Row],[Artículo (código)]],Existencias!A:D,4,FALSE)) -> Aceite Vegetal 900 ml | G343: 1 | H343: =IF(Salidas[[#This Row],[Artículo (código)]]="","",VLOOKUP(Salidas[[#This Row],[Artículo (código)]],Existencias!A:F,7,FALSE)) -> #REF!
B344: 46075 | C344: 1 | D344: =IF(Entradas[[#This Row],[Proveedor (código)]]="","",VLOOKUP(Entradas[[#This Row],[Proveedor (código)]],Proveedores[[#All],[Código]:[Nombre fiscal]],2,FALSE)) -> PLAZA VEA B.A | E344: 0116CO | F344: =IF(Salidas[[#This Row],[Artículo (código)]]="","",VLOOKUP(Salidas[[#This Row],[Artículo (código)]],Existencias!A:D,4,FALSE)) -> Filete de atun aceite lata | G344: 12 | H344: =IF(Salidas[[#This Row],[Artículo (código)]]="","",VLOOKUP(Salidas[[#This Row],[Artículo (código)]],Existencias!A:F,7,FALSE)) -> #REF!
B345: 46076 | C345: 1 | D345: =IF(Entradas[[#This Row],[Proveedor (código)]]="","",VLOOKUP(Entradas[[#This Row],[Proveedor (código)]],Proveedores[[#All],[Código]:[Nombre fiscal]],2,FALSE)) -> PLAZA VEA B.A | E345: 0149CR | F345: =IF(Salidas[[#This Row],[Artículo (código)]]="","",VLOOKUP(Salidas[[#This Row],[Artículo (código)]],Existencias!A:D,4,FALSE)) -> Avena 1 kl | G345: 1 | H345: =IF(Salidas[[#This Row],[Artículo (código)]]="","",VLOOKUP(Salidas[[#This Row],[Artículo (código)]],Existencias!A:F,7,FALSE)) -> #REF!
B346: 46076 | C346: 1 | D346: =IF(Entradas[[#This Row],[Proveedor (código)]]="","",VLOOKUP(Entradas[[#This Row],[Proveedor (código)]],Proveedores[[#All],[Código]:[Nombre fiscal]],2,FALSE)) -> PLAZA VEA B.A | E346: 0474HU | F346: =IF(Salidas[[#This Row],[Artículo (código)]]="","",VLOOKUP(Salidas[[#This Row],[Artículo (código)]],Existencias!A:D,4,FALSE)) -> Huevo pardo | G346: 6 | H346: =IF(Salidas[[#This Row],[Artículo (código)]]="","",VLOOKUP(Salidas[[#This Row],[Artículo (código)]],Existencias!A:F,7,FALSE)) -> #REF!
B347: 46076 | C347: 1 | D347: =IF(Entradas[[#This Row],[Proveedor (código)]]="","",VLOOKUP(Entradas[[#This Row],[Proveedor (código)]],Proveedores[[#All],[Código]:[Nombre fiscal]],2,FALSE)) -> PLAZA VEA B.A | E347: 0160CR | F347: =IF(Salidas[[#This Row],[Artículo (código)]]="","",VLOOKUP(Salidas[[#This Row],[Artículo (código)]],Existencias!A:D,4,FALSE)) -> Arroz 5 kg | G347: 1 | H347: =IF(Salidas[[#This Row],[Artículo (código)]]="","",VLOOKUP(Salidas[[#This Row],[Artículo (código)]],Existencias!A:F,7,FALSE)) -> #REF!
B348: 46076 | C348: 1 | D348: =IF(Entradas[[#This Row],[Proveedor (código)]]="","",VLOOKUP(Entradas[[#This Row],[Proveedor (código)]],Proveedores[[#All],[Código]:[Nombre fiscal]],2,FALSE)) -> PLAZA VEA B.A | E348: 0066ME | F348: =IF(Salidas[[#This Row],[Artículo (código)]]="","",VLOOKUP(Salidas[[#This Row],[Artículo (código)]],Existencias!A:D,4,FALSE)) -> Quinua 1 kg | G348: 3 | H348: =IF(Salidas[[#This Row],[Artículo (código)]]="","",VLOOKUP(Salidas[[#This Row],[Artículo (código)]],Existencias!A:F,7,FALSE)) -> #REF!
B349: 46076 | C349: 1 | D349: =IF(Entradas[[#This Row],[Proveedor (código)]]="","",VLOOKUP(Entradas[[#This Row],[Proveedor (código)]],Proveedores[[#All],[Código]:[Nombre fiscal]],2,FALSE)) -> PLAZA VEA B.A | E349: 0294CN | F349: =IF(Salidas[[#This Row],[Artículo (código)]]="","",VLOOKUP(Salidas[[#This Row],[Artículo (código)]],Existencias!A:D,4,FALSE)) -> Salsa de tomate 290 gr | G349: 1 | H349: =IF(Salidas[[#This Row],[Artículo (código)]]="","",VLOOKUP(Salidas[[#This Row],[Artículo (código)]],Existencias!A:F,7,FALSE)) -> #REF!
B350: 46076 | C350: 1 | D350: =IF(Entradas[[#This Row],[Proveedor (código)]]="","",VLOOKUP(Entradas[[#This Row],[Proveedor (código)]],Proveedores[[#All],[Código]:[Nombre fiscal]],2,FALSE)) -> PLAZA VEA B.A | E350: 0493AV | F350: =IF(Salidas[[#This Row],[Artículo (código)]]="","",VLOOKUP(Salidas[[#This Row],[Artículo (código)]],Existencias!A:D,4,FALSE)) -> Pollo fresco entero | G350: 7 | H350: =IF(Salidas[[#This Row],[Artículo (código)]]="","",VLOOKUP(Salidas[[#This Row],[Artículo (código)]],Existencias!A:F,7,FALSE)) -> #REF!
B351: 46076 | C351: 1 | D351: =IF(Entradas[[#This Row],[Proveedor (código)]]="","",VLOOKUP(Entradas[[#This Row],[Proveedor (código)]],Proveedores[[#All],[Código]:[Nombre fiscal]],2,FALSE)) -> PLAZA VEA B.A | E351: 0395LA | F351: =IF(Salidas[[#This Row],[Artículo (código)]]="","",VLOOKUP(Salidas[[#This Row],[Artículo (código)]],Existencias!A:D,4,FALSE)) -> Leche Evaporada 390 gr lata | G351: 2 | H351: =IF(Salidas[[#This Row],[Artículo (código)]]="","",VLOOKUP(Salidas[[#This Row],[Artículo (código)]],Existencias!A:F,7,FALSE)) -> #REF!
B352: 46077 | C352: 1 | D352: =IF(Entradas[[#This Row],[Proveedor (código)]]="","",VLOOKUP(Entradas[[#This Row],[Proveedor (código)]],Proveedores[[#All],[Código]:[Nombre fiscal]],2,FALSE)) -> PLAZA VEA B.A | E352: 0149CR | F352: =IF(Salidas[[#This Row],[Artículo (código)]]="","",VLOOKUP(Salidas[[#This Row],[Artículo (código)]],Existencias!A:D,4,FALSE)) -> Avena 1 kl | G352: 1 | H352: =IF(Salidas[[#This Row],[Artículo (código)]]="","",VLOOKUP(Salidas[[#This Row],[Artículo (código)]],Existencias!A:F,7,FALSE)) -> #REF!
B353: 46077 | C353: 1 | D353: =IF(Entradas[[#This Row],[Proveedor (código)]]="","",VLOOKUP(Entradas[[#This Row],[Proveedor (código)]],Proveedores[[#All],[Código]:[Nombre fiscal]],2,FALSE)) | E353: 0474HU | F353: =IF(Salidas[[#This Row],[Artículo (código)]]="","",VLOOKUP(Salidas[[#This Row],[Artículo (código)]],Existencias!A:D,4,FALSE)) -> Huevo pardo | G353: 48 | H353: =IF(Salidas[[#This Row],[Artículo (código)]]="","",VLOOKUP(Salidas[[#This Row],[Artículo (código)]],Existencias!A:F,7,FALSE)) -> #REF!
B354: 46077 | C354: 1 | D354: =IF(Entradas[[#This Row],[Proveedor (código)]]="","",VLOOKUP(Entradas[[#This Row],[Proveedor (código)]],Proveedores[[#All],[Código]:[Nombre fiscal]],2,FALSE)) | E354: 0159CR | F354: =IF(Salidas[[#This Row],[Artículo (código)]]="","",VLOOKUP(Salidas[[#This Row],[Artículo (código)]],Existencias!A:D,4,FALSE)) -> Arroz 1 kg | G354: 4 | H354: =IF(Salidas[[#This Row],[Artículo (código)]]="","",VLOOKUP(Salidas[[#This Row],[Artículo (código)]],Existencias!A:F,7,FALSE)) -> #REF!
B355: 46077 | C355: 1 | D355: =IF(Entradas[[#This Row],[Proveedor (código)]]="","",VLOOKUP(Entradas[[#This Row],[Proveedor (código)]],Proveedores[[#All],[Código]:[Nombre fiscal]],2,FALSE)) | E355: 0116CO | F355: =IF(Salidas[[#This Row],[Artículo (código)]]="","",VLOOKUP(Salidas[[#This Row],[Artículo (código)]],Existencias!A:D,4,FALSE)) -> Filete de atun aceite lata | G355: 20 | H355: =IF(Salidas[[#This Row],[Artículo (código)]]="","",VLOOKUP(Salidas[[#This Row],[Artículo (código)]],Existencias!A:F,7,FALSE)) -> #REF!
... B379: 46080 | C379: 1 | D379: =IF(Entradas[[#This Row],[Proveedor (código)]]="","",VLOOKUP(Entradas[[#This Row],[Proveedor (código)]],Proveedores[[#All],[Código]:[Nombre fiscal]],2,FALSE)) -> #VALUE! | E379: 0266CN | F379: =IF(Salidas[[#This Row],[Artículo (código)]]="","",VLOOKUP(Salidas[[#This Row],[Artículo (código)]],Existencias!A:D,4,FALSE)) -> Sal Mesa 1kg | G379: 1 | H379: =IF(Salidas[[#This Row],[Artículo (código)]]="","",VLOOKUP(Salidas[[#This Row],[Artículo (código)]],Existencias!A:F,7,FALSE)) -> #REF!
B380: 46081 | C380: 1 | D380: Aldimi | E380: 0149CR | F380: =IF(Salidas[[#This Row],[Artículo (código)]]="","",VLOOKUP(Salidas[[#This Row],[Artículo (código)]],Existencias!A:D,4,FALSE)) -> Avena 1 kl | G380: 1 | H380: =IF(Salidas[[#This Row],[Artículo (código)]]="","",VLOOKUP(Salidas[[#This Row],[Artículo (código)]],Existencias!A:F,7,FALSE)) -> #REF!
B381: 46081 | C381: 1 | E381: 0192AZ | F381: =IF(Salidas[[#This Row],[Artículo (código)]]="","",VLOOKUP(Salidas[[#This Row],[Artículo (código)]],Existencias!A:D,4,FALSE)) -> Azucar rubia 5 kg | G381: 1 | H381: =IF(Salidas[[#This Row],[Artículo (código)]]="","",VLOOKUP(Salidas[[#This Row],[Artículo (código)]],Existencias!A:F,7,FALSE)) -> #REF!
B382: 46081 | D382: =IF(Entradas[[#This Row],[Proveedor (código)]]="","",VLOOKUP(Entradas[[#This Row],[Proveedor (código)]],Proveedores[[#All],[Código]:[Nombre fiscal]],2,FALSE)) -> #VALUE! | E382: 0474HU | F382: =IF(Salidas[[#This Row],[Artículo (código)]]="","",VLOOKUP(Salidas[[#This Row],[Artículo (código)]],Existencias!A:D,4,FALSE)) -> Huevo pardo | G382: 36 | H382: =IF(Salidas[[#This Row],[Artículo (código)]]="","",VLOOKUP(Salidas[[#This Row],[Artículo (código)]],Existencias!A:F,7,FALSE)) -> #REF!
B383: 46081 | D383: =IF(Entradas[[#This Row],[Proveedor (código)]]="","",VLOOKUP(Entradas[[#This Row],[Proveedor (código)]],Proveedores[[#All],[Código]:[Nombre fiscal]],2,FALSE)) -> #VALUE! | E383: 0160CR | F383: =IF(Salidas[[#This Row],[Artículo (código)]]="","",VLOOKUP(Salidas[[#This Row],[Artículo (código)]],Existencias!A:D,4,FALSE)) -> Arroz 5 kg | G383: 1 | H383: =IF(Salidas[[#This Row],[Artículo (código)]]="","",VLOOKUP(Salidas[[#This Row],[Artículo (código)]],Existencias!A:F,7,FALSE)) -> #REF!
B384: 46081 | D384: =IF(Entradas[[#This Row],[Proveedor (código)]]="","",VLOOKUP(Entradas[[#This Row],[Proveedor (código)]],Proveedores[[#All],[Código]:[Nombre fiscal]],2,FALSE)) -> #VALUE! | E384: 0090AC | F384: =IF(Salidas[[#This Row],[Artículo (código)]]="","",VLOOKUP(Salidas[[#This Row],[Artículo (código)]],Existencias!A:D,4,FALSE)) -> Aceite Vegetal 900 ml | G384: 1 | H384: =IF(Salidas[[#This Row],[Artículo (código)]]="","",VLOOKUP(Salidas[[#This Row],[Artículo (código)]],Existencias!A:F,7,FALSE)) -> #REF!
B385: 46081 | D385: =IF(Entradas[[#This Row],[Proveedor (código)]]="","",VLOOKUP(Entradas[[#This Row],[Proveedor (código)]],Proveedores[[#All],[Código]:[Nombre fiscal]],2,FALSE)) -> #VALUE! | E385: 0395LA | F385: =IF(Salidas[[#This Row],[Artículo (código)]]="","",VLOOKUP(Salidas[[#This Row],[Artículo (código)]],Existencias!A:D,4,FALSE)) -> Leche Evaporada 390 gr lata | G385: 2 | H385: =IF(Salidas[[#This Row],[Artículo (código)]]="","",VLOOKUP(Salidas[[#This Row],[Artículo (código)]],Existencias!A:F,7,FALSE)) -> #REF!
B386: 46081 | D386: =IF(Entradas[[#This Row],[Proveedor (código)]]="","",VLOOKUP(Entradas[[#This Row],[Proveedor (código)]],Proveedores[[#All],[Código]:[Nombre fiscal]],2,FALSE)) -> #VALUE! | E386: 0266CN | F386: =IF(Salidas[[#This Row],[Artículo (código)]]="","",VLOOKUP(Salidas[[#This Row],[Artículo (código)]],Existencias!A:D,4,FALSE)) -> Sal Mesa 1kg | G386: 1 | H386: =IF(Salidas[[#This Row],[Artículo (código)]]="","",VLOOKUP(Salidas[[#This Row],[Artículo (código)]],Existencias!A:F,7,FALSE)) -> #REF!
B387: 46081 | D387: =IF(Entradas[[#This Row],[Proveedor (código)]]="","",VLOOKUP(Entradas[[#This Row],[Proveedor (código)]],Proveedores[[#All],[Código]:[Nombre fiscal]],2,FALSE)) -> #VALUE! | E387: 0294CN | F387: =IF(Salidas[[#This Row],[Artículo (código)]]="","",VLOOKUP(Salidas[[#This Row],[Artículo (código)]],Existencias!A:D,4,FALSE)) -> Salsa de tomate 290 gr | G387: 1 | H387: =IF(Salidas[[#This Row],[Artículo (código)]]="","",VLOOKUP(Salidas[[#This Row],[Artículo (código)]],Existencias!A:F,7,FALSE)) -> #REF!
B388: 46082 | D388: =IF(Entradas[[#This Row],[Proveedor (código)]]="","",VLOOKUP(Entradas[[#This Row],[Proveedor (código)]],Proveedores[[#All],[Código]:[Nombre fiscal]],2,FALSE)) -> #VALUE! | E388: 0149CR | F388: =IF(Salidas[[#This Row],[Artículo (código)]]="","",VLOOKUP(Salidas[[#This Row],[Artículo (código)]],Existencias!A:D,4,FALSE)) -> Avena 1 kl | G388: 1 | H388: =IF(Salidas[[#This Row],[Artículo (código)]]="","",VLOOKUP(Salidas[[#This Row],[Artículo (código)]],Existencias!A:F,7,FALSE)) -> #REF!
B389: 46082 | D389: =IF(Entradas[[#This Row],[Proveedor (código)]]="","",VLOOKUP(Entradas[[#This Row],[Proveedor (código)]],Proveedores[[#All],[Código]:[Nombre fiscal]],2,FALSE)) -> #VALUE! | E389: 0493AV | F389: =IF(Salidas[[#This Row],[Artículo (código)]]="","",VLOOKUP(Salidas[[#This Row],[Artículo (código)]],Existencias!A:D,4,FALSE)) -> Pollo fresco entero | G389: 2 | H389: =IF(Salidas[[#This Row],[Artículo (código)]]="","",VLOOKUP(Salidas[[#This Row],[Artículo (código)]],Existencias!A:F,7,FALSE)) -> #REF!
B390: 46082 | D390: =IF(Entradas[[#This Row],[Proveedor (código)]]="","",VLOOKUP(Entradas[[#This Row],[Proveedor (código)]],Proveedores[[#All],[Código]:[Nombre fiscal]],2,FALSE)) -> #VALUE! | E390: 0344FI | F390: =IF(Salidas[[#This Row],[Artículo (código)]]="","",VLOOKUP(Salidas[[#This Row],[Artículo (código)]],Existencias!A:D,4,FALSE)) -> Fideos largos 500 gr | G390: 5 | H390: =IF(Salidas[[#This Row],[Artículo (código)]]="","",VLOOKUP(Salidas[[#This Row],[Artículo (código)]],Existencias!A:F,7,FALSE)) -> #REF!
B391: 46082 | D391: =IF(Entradas[[#This Row],[Proveedor (código)]]="","",VLOOKUP(Entradas[[#This Row],[Proveedor (código)]],Proveedores[[#All],[Código]:[Nombre fiscal]],2,FALSE)) -> #VALUE! | E391: 0118CO | F391: =IF(Salidas[[#This Row],[Artículo (código)]]="","",VLOOKUP(Salidas[[#This Row],[Artículo (código)]],Existencias!A:D,4,FALSE)) -> Trozo de atun aceite lata | G391: 9 | H391: =IF(Salidas[[#This Row],[Artículo (código)]]="","",VLOOKUP(Salidas[[#This Row],[Artículo (código)]],Existencias!A:F,7,FALSE)) -> #REF!
B392: 46082 | D392: =IF(Entradas[[#This Row],[Proveedor (código)]]="","",VLOOKUP(Entradas[[#This Row],[Proveedor (código)]],Proveedores[[#All],[Código]:[Nombre fiscal]],2,FALSE)) -> #VALUE! | E392: 0294CN | F392: =IF(Salidas[[#This Row],[Artículo (código)]]="","",VLOOKUP(Salidas[[#This Row],[Artículo (código)]],Existencias!A:D,4,FALSE)) -> Salsa de tomate 290 gr | G392: 1 | H392: =IF(Salidas[[#This Row],[Artículo (código)]]="","",VLOOKUP(Salidas[[#This Row],[Artículo (código)]],Existencias!A:F,7,FALSE)) -> #REF!
B393: 46083 | D393: =IF(Entradas[[#This Row],[Proveedor (código)]]="","",VLOOKUP(Entradas[[#This Row],[Proveedor (código)]],Proveedores[[#All],[Código]:[Nombre fiscal]],2,FALSE)) -> #VALUE! | E393: 0149CR | F393: =IF(Salidas[[#This Row],[Artículo (código)]]="","",VLOOKUP(Salidas[[#This Row],[Artículo (código)]],Existencias!A:D,4,FALSE)) -> Avena 1 kl | G393: 1 | H393: =IF(Salidas[[#This Row],[Artículo (código)]]="","",VLOOKUP(Salidas[[#This Row],[Artículo (código)]],Existencias!A:F,7,FALSE)) -> #REF!
... B437: 46090 | D437: =IF(Entradas[[#This Row],[Proveedor (código)]]="","",VLOOKUP(Entradas[[#This Row],[Proveedor (código)]],Proveedores[[#All],[Código]:[Nombre fiscal]],2,FALSE)) -> #VALUE! | E437: 0326CN | F437: =IF(Salidas[[#This Row],[Artículo (código)]]="","",VLOOKUP(Salidas[[#This Row],[Artículo (código)]],Existencias!A:D,4,FALSE)) -> Curcuma 500 | G437: 1 | H437: =IF(Salidas[[#This Row],[Artículo (código)]]="","",VLOOKUP(Salidas[[#This Row],[Artículo (código)]],Existencias!A:F,7,FALSE)) -> #REF!
B438: 46090 | D438: =IF(Entradas[[#This Row],[Proveedor (código)]]="","",VLOOKUP(Entradas[[#This Row],[Proveedor (código)]],Proveedores[[#All],[Código]:[Nombre fiscal]],2,FALSE)) -> #VALUE! | E438: 0483PE | F438: Filete de tilapa x 1kg (01 caja x10 kg) | G438: 8 | H438: =IF(Salidas[[#This Row],[Artículo (código)]]="","",VLOOKUP(Salidas[[#This Row],[Artículo (código)]],Existencias!A:F,7,FALSE)) -> #REF!
B439: 46090 | D439: =IF(Entradas[[#This Row],[Proveedor (código)]]="","",VLOOKUP(Entradas[[#This Row],[Proveedor (código)]],Proveedores[[#All],[Código]:[Nombre fiscal]],2,FALSE)) -> #VALUE! | E439: 0493AV | F439: =IF(Salidas[[#This Row],[Artículo (código)]]="","",VLOOKUP(Salidas[[#This Row],[Artículo (código)]],Existencias!A:D,4,FALSE)) -> Pollo fresco entero | G439: 2 | H439: =IF(Salidas[[#This Row],[Artículo (código)]]="","",VLOOKUP(Salidas[[#This Row],[Artículo (código)]],Existencias!A:F,7,FALSE)) -> #REF!
B440: 46091 | D440: =IF(Entradas[[#This Row],[Proveedor (código)]]="","",VLOOKUP(Entradas[[#This Row],[Proveedor (código)]],Proveedores[[#All],[Código]:[Nombre fiscal]],2,FALSE)) -> #VALUE! | E440: 0474HU | F440: =IF(Salidas[[#This Row],[Artículo (código)]]="","",VLOOKUP(Salidas[[#This Row],[Artículo (código)]],Existencias!A:D,4,FALSE)) -> Huevo pardo | G440: 18 | H440: =IF(Salidas[[#This Row],[Artículo (código)]]="","",VLOOKUP(Salidas[[#This Row],[Artículo (código)]],Existencias!A:F,7,FALSE)) -> #REF!
B441: 46091 | D441: =IF(Entradas[[#This Row],[Proveedor (código)]]="","",VLOOKUP(Entradas[[#This Row],[Proveedor (código)]],Proveedores[[#All],[Código]:[Nombre fiscal]],2,FALSE)) -> #VALUE! | E441: 0159CR | F441: =IF(Salidas[[#This Row],[Artículo (código)]]="","",VLOOKUP(Salidas[[#This Row],[Artículo (código)]],Existencias!A:D,4,FALSE)) -> Arroz 1 kg | G441: 4 | H441: =IF(Salidas[[#This Row],[Artículo (código)]]="","",VLOOKUP(Salidas[[#This Row],[Artículo (código)]],Existencias!A:F,7,FALSE)) -> #REF!
B442: 46091 | D442: =IF(Entradas[[#This Row],[Proveedor (código)]]="","",VLOOKUP(Entradas[[#This Row],[Proveedor (código)]],Proveedores[[#All],[Código]:[Nombre fiscal]],2,FALSE)) -> #VALUE! | E442: 0090AC | F442: =IF(Salidas[[#This Row],[Artículo (código)]]="","",VLOOKUP(Salidas[[#This Row],[Artículo (código)]],Existencias!A:D,4,FALSE)) -> Aceite Vegetal 900 ml | G442: 1 | H442: =IF(Salidas[[#This Row],[Artículo (código)]]="","",VLOOKUP(Salidas[[#This Row],[Artículo (código)]],Existencias!A:F,7,FALSE)) -> #REF!
B443: 46091 | D443: =IF(Entradas[[#This Row],[Proveedor (código)]]="","",VLOOKUP(Entradas[[#This Row],[Proveedor (código)]],Proveedores[[#All],[Código]:[Nombre fiscal]],2,FALSE)) -> #VALUE! | E443: 0493AV | F443: =IF(Salidas[[#This Row],[Artículo (código)]]="","",VLOOKUP(Salidas[[#This Row],[Artículo (código)]],Existencias!A:D,4,FALSE)) -> Pollo fresco entero | G443: 1 | H443: =IF(Salidas[[#This Row],[Artículo (código)]]="","",VLOOKUP(Salidas[[#This Row],[Artículo (código)]],Existencias!A:F,7,FALSE)) -> #REF!
B444: 46091 | D444: =IF(Entradas[[#This Row],[Proveedor (código)]]="","",VLOOKUP(Entradas[[#This Row],[Proveedor (código)]],Proveedores[[#All],[Código]:[Nombre fiscal]],2,FALSE)) -> #VALUE! | E444: 0081ME | F444: =IF(Salidas[[#This Row],[Artículo (código)]]="","",VLOOKUP(Salidas[[#This Row],[Artículo (código)]],Existencias!A:D,4,FALSE)) -> Trigo 1 kg | G444: 3 | H444: =IF(Salidas[[#This Row],[Artículo (código)]]="","",VLOOKUP(Salidas[[#This Row],[Artículo (código)]],Existencias!A:F,7,FALSE)) -> #REF!
B445: 46092 | D445: =IF(Entradas[[#This Row],[Proveedor (código)]]="","",VLOOKUP(Entradas[[#This Row],[Proveedor (código)]],Proveedores[[#All],[Código]:[Nombre fiscal]],2,FALSE)) -> #VALUE! | E445: 0149CR | F445: =IF(Salidas[[#This Row],[Artículo (código)]]="","",VLOOKUP(Salidas[[#This Row],[Artículo (código)]],Existencias!A:D,4,FALSE)) -> Avena 1 kl | G445: 1 | H445: =IF(Salidas[[#This Row],[Artículo (código)]]="","",VLOOKUP(Salidas[[#This Row],[Artículo (código)]],Existencias!A:F,7,FALSE)) -> #REF!
B446: 46092 | D446: =IF(Entradas[[#This Row],[Proveedor (código)]]="","",VLOOKUP(Entradas[[#This Row],[Proveedor (código)]],Proveedores[[#All],[Código]:[Nombre fiscal]],2,FALSE)) -> #VALUE! | E446: 0474HU | F446: =IF(Salidas[[#This Row],[Artículo (código)]]="","",VLOOKUP(Salidas[[#This Row],[Artículo (código)]],Existencias!A:D,4,FALSE)) -> Huevo pardo | G446: 6 | H446: =IF(Salidas[[#This Row],[Artículo (código)]]="","",VLOOKUP(Salidas[[#This Row],[Artículo (código)]],Existencias!A:F,7,FALSE)) -> #REF!
B447: 46092 | D447: =IF(Entradas[[#This Row],[Proveedor (código)]]="","",VLOOKUP(Entradas[[#This Row],[Proveedor (código)]],Proveedores[[#All],[Código]:[Nombre fiscal]],2,FALSE)) -> #VALUE! | E447: 0160CR | F447: =IF(Salidas[[#This Row],[Artículo (código)]]="","",VLOOKUP(Salidas[[#This Row],[Artículo (código)]],Existencias!A:D,4,FALSE)) -> Arroz 5 kg | G447: 1 | H447: =IF(Salidas[[#This Row],[Artículo (código)]]="","",VLOOKUP(Salidas[[#This Row],[Artículo (código)]],Existencias!A:F,7,FALSE)) -> #REF!
B448: 46092 | D448: =IF(Entradas[[#This Row],[Proveedor (código)]]="","",VLOOKUP(Entradas[[#This Row],[Proveedor (código)]],Proveedores[[#All],[Código]:[Nombre fiscal]],2,FALSE)) -> #VALUE! | E448: 0192AZ | F448: =IF(Salidas[[#This Row],[Artículo (código)]]="","",VLOOKUP(Salidas[[#This Row],[Artículo (código)]],Existencias!A:D,4,FALSE)) -> Azucar rubia 5 kg | G448: 1 | H448: =IF(Salidas[[#This Row],[Artículo (código)]]="","",VLOOKUP(Salidas[[#This Row],[Artículo (código)]],Existencias!A:F,7,FALSE)) -> #REF!
B449: 46092 | D449: =IF(Entradas[[#This Row],[Proveedor (código)]]="","",VLOOKUP(Entradas[[#This Row],[Proveedor (código)]],Proveedores[[#All],[Código]:[Nombre fiscal]],2,FALSE)) -> #VALUE! | E449: 0493AV | F449: =IF(Salidas[[#This Row],[Artículo (código)]]="","",VLOOKUP(Salidas[[#This Row],[Artículo (código)]],Existencias!A:D,4,FALSE)) -> Pollo fresco entero | G449: 9 | H449: =IF(Salidas[[#This Row],[Artículo (código)]]="","",VLOOKUP(Salidas[[#This Row],[Artículo (código)]],Existencias!A:F,7,FALSE)) -> #REF!
B450: 46092 | D450: =IF(Entradas[[#This Row],[Proveedor (código)]]="","",VLOOKUP(Entradas[[#This Row],[Proveedor (código)]],Proveedores[[#All],[Código]:[Nombre fiscal]],2,FALSE)) -> #VALUE! | E450: 0344FI | F450: =IF(Salidas[[#This Row],[Artículo (código)]]="","",VLOOKUP(Salidas[[#This Row],[Artículo (código)]],Existencias!A:D,4,FALSE)) -> Fideos largos 500 gr | G450: 3 | H450: =IF(Salidas[[#This Row],[Artículo (código)]]="","",VLOOKUP(Salidas[[#This Row],[Artículo (código)]],Existencias!A:F,7,FALSE)) -> #REF!
... B484: 46097 | D484: =IF(Entradas[[#This Row],[Proveedor (código)]]="","",VLOOKUP(Entradas[[#This Row],[Proveedor (código)]],Proveedores[[#All],[Código]:[Nombre fiscal]],2,FALSE)) -> #VALUE! | E484: 0090AC | F484: =IF(Salidas[[#This Row],[Artículo (código)]]="","",VLOOKUP(Salidas[[#This Row],[Artículo (código)]],Existencias!A:D,4,FALSE)) -> Aceite Vegetal 900 ml | G484: 1 | H484: =IF(Salidas[[#This Row],[Artículo (código)]]="","",VLOOKUP(Salidas[[#This Row],[Artículo (código)]],Existencias!A:F,7,FALSE)) -> #REF!
D485: =IF(Entradas[[#This Row],[Proveedor (código)]]="","",VLOOKUP(Entradas[[#This Row],[Proveedor (código)]],Proveedores[[#All],[Código]:[Nombre fiscal]],2,FALSE)) -> #VALUE! | F485: =IF(Salidas[[#This Row],[Artículo (código)]]="","",VLOOKUP(Salidas[[#This Row],[Artículo (código)]],Existencias!A:D,4,FALSE)) | H485: =IF(Salidas[[#This Row],[Artículo (código)]]="","",VLOOKUP(Salidas[[#This Row],[Artículo (código)]],Existencias!A:F,7,FALSE))
D486: =IF(Entradas[[#This Row],[Proveedor (código)]]="","",VLOOKUP(Entradas[[#This Row],[Proveedor (código)]],Proveedores[[#All],[Código]:[Nombre fiscal]],2,FALSE)) -> #VALUE! | F486: =IF(Salidas[[#This Row],[Artículo (código)]]="","",VLOOKUP(Salidas[[#This Row],[Artículo (código)]],Existencias!A:D,4,FALSE)) | H486: =IF(Salidas[[#This Row],[Artículo (código)]]="","",VLOOKUP(Salidas[[#This Row],[Artículo (código)]],Existencias!A:F,7,FALSE))
D487: =IF(Entradas[[#This Row],[Proveedor (código)]]="","",VLOOKUP(Entradas[[#This Row],[Proveedor (código)]],Proveedores[[#All],[Código]:[Nombre fiscal]],2,FALSE)) -> #VALUE! | F487: =IF(Salidas[[#This Row],[Artículo (código)]]="","",VLOOKUP(Salidas[[#This Row],[Artículo (código)]],Existencias!A:D,4,FALSE)) | H487: =IF(Salidas[[#This Row],[Artículo (código)]]="","",VLOOKUP(Salidas[[#This Row],[Artículo (código)]],Existencias!A:F,7,FALSE))
D488: =IF(Entradas[[#This Row],[Proveedor (código)]]="","",VLOOKUP(Entradas[[#This Row],[Proveedor (código)]],Proveedores[[#All],[Código]:[Nombre fiscal]],2,FALSE)) -> #VALUE! | F488: =IF(Salidas[[#This Row],[Artículo (código)]]="","",VLOOKUP(Salidas[[#This Row],[Artículo (código)]],Existencias!A:D,4,FALSE)) | H488: =IF(Salidas[[#This Row],[Artículo (código)]]="","",VLOOKUP(Salidas[[#This Row],[Artículo (código)]],Existencias!A:F,7,FALSE))
D489: =IF(Entradas[[#This Row],[Proveedor (código)]]="","",VLOOKUP(Entradas[[#This Row],[Proveedor (código)]],Proveedores[[#All],[Código]:[Nombre fiscal]],2,FALSE)) -> #VALUE! | F489: =IF(Salidas[[#This Row],[Artículo (código)]]="","",VLOOKUP(Salidas[[#This Row],[Artículo (código)]],Existencias!A:D,4,FALSE)) | H489: =IF(Salidas[[#This Row],[Artículo (código)]]="","",VLOOKUP(Salidas[[#This Row],[Artículo (código)]],Existencias!A:F,7,FALSE))
D490: =IF(Entradas[[#This Row],[Proveedor (código)]]="","",VLOOKUP(Entradas[[#This Row],[Proveedor (código)]],Proveedores[[#All],[Código]:[Nombre fiscal]],2,FALSE)) -> #VALUE! | F490: =IF(Salidas[[#This Row],[Artículo (código)]]="","",VLOOKUP(Salidas[[#This Row],[Artículo (código)]],Existencias!A:D,4,FALSE)) | H490: =IF(Salidas[[#This Row],[Artículo (código)]]="","",VLOOKUP(Salidas[[#This Row],[Artículo (código)]],Existencias!A:F,7,FALSE))
D491: =IF(Entradas[[#This Row],[Proveedor (código)]]="","",VLOOKUP(Entradas[[#This Row],[Proveedor (código)]],Proveedores[[#All],[Código]:[Nombre fiscal]],2,FALSE)) -> #VALUE! | F491: =IF(Salidas[[#This Row],[Artículo (código)]]="","",VLOOKUP(Salidas[[#This Row],[Artículo (código)]],Existencias!A:D,4,FALSE)) | H491: =IF(Salidas[[#This Row],[Artículo (código)]]="","",VLOOKUP(Salidas[[#This Row],[Artículo (código)]],Existencias!A:F,7,FALSE))
D492: =IF(Entradas[[#This Row],[Proveedor (código)]]="","",VLOOKUP(Entradas[[#This Row],[Proveedor (código)]],Proveedores[[#All],[Código]:[Nombre fiscal]],2,FALSE)) -> #VALUE! | F492: =IF(Salidas[[#This Row],[Artículo (código)]]="","",VLOOKUP(Salidas[[#This Row],[Artículo (código)]],Existencias!A:D,4,FALSE)) | H492: =IF(Salidas[[#This Row],[Artículo (código)]]="","",VLOOKUP(Salidas[[#This Row],[Artículo (código)]],Existencias!A:F,7,FALSE))
D493: =IF(Entradas[[#This Row],[Proveedor (código)]]="","",VLOOKUP(Entradas[[#This Row],[Proveedor (código)]],Proveedores[[#All],[Código]:[Nombre fiscal]],2,FALSE)) -> #VALUE! | F493: =IF(Salidas[[#This Row],[Artículo (código)]]="","",VLOOKUP(Salidas[[#This Row],[Artículo (código)]],Existencias!A:D,4,FALSE)) | H493: =IF(Salidas[[#This Row],[Artículo (código)]]="","",VLOOKUP(Salidas[[#This Row],[Artículo (código)]],Existencias!A:F,7,FALSE))
D494: =IF(Entradas[[#This Row],[Proveedor (código)]]="","",VLOOKUP(Entradas[[#This Row],[Proveedor (código)]],Proveedores[[#All],[Código]:[Nombre fiscal]],2,FALSE)) -> #VALUE! | F494: =IF(Salidas[[#This Row],[Artículo (código)]]="","",VLOOKUP(Salidas[[#This Row],[Artículo (código)]],Existencias!A:D,4,FALSE)) | H494: =IF(Salidas[[#This Row],[Artículo (código)]]="","",VLOOKUP(Salidas[[#This Row],[Artículo (código)]],Existencias!A:F,7,FALSE))
D495: =IF(Entradas[[#This Row],[Proveedor (código)]]="","",VLOOKUP(Entradas[[#This Row],[Proveedor (código)]],Proveedores[[#All],[Código]:[Nombre fiscal]],2,FALSE)) -> #VALUE! | F495: =IF(Salidas[[#This Row],[Artículo (código)]]="","",VLOOKUP(Salidas[[#This Row],[Artículo (código)]],Existencias!A:D,4,FALSE)) | H495: =IF(Salidas[[#This Row],[Artículo (código)]]="","",VLOOKUP(Salidas[[#This Row],[Artículo (código)]],Existencias!A:F,7,FALSE))
D496: =IF(Entradas[[#This Row],[Proveedor (código)]]="","",VLOOKUP(Entradas[[#This Row],[Proveedor (código)]],Proveedores[[#All],[Código]:[Nombre fiscal]],2,FALSE)) -> #VALUE! | F496: =IF(Salidas[[#This Row],[Artículo (código)]]="","",VLOOKUP(Salidas[[#This Row],[Artículo (código)]],Existencias!A:D,4,FALSE)) | H496: =IF(Salidas[[#This Row],[Artículo (código)]]="","",VLOOKUP(Salidas[[#This Row],[Artículo (código)]],Existencias!A:F,7,FALSE))
... D510: =IF(Entradas[[#This Row],[Proveedor (código)]]="","",VLOOKUP(Entradas[[#This Row],[Proveedor (código)]],Proveedores[[#All],[Código]:[Nombre fiscal]],2,FALSE)) -> #VALUE! | F510: =IF(Salidas[[#This Row],[Artículo (código)]]="","",VLOOKUP(Salidas[[#This Row],[Artículo (código)]],Existencias!A:D,4,FALSE)) | H510: =IF(Salidas[[#This Row],[Artículo (código)]]="","",VLOOKUP(Salidas[[#This Row],[Artículo (código)]],Existencias!A:F,7,FALSE))
F511: =IF(Salidas[[#This Row],[Artículo (código)]]="","",VLOOKUP(Salidas[[#This Row],[Artículo (código)]],Existencias!A:D,4,FALSE)) | H511: =IF(Salidas[[#This Row],[Artículo (código)]]="","",VLOOKUP(Salidas[[#This Row],[Artículo (código)]],Existencias!A:F,7,FALSE))
D512: =IF(Entradas[[#This Row],[Proveedor (código)]]="","",VLOOKUP(Entradas[[#This Row],[Proveedor (código)]],Proveedores[[#All],[Código]:[Nombre fiscal]],2,FALSE)) -> #VALUE! | F512: =IF(Salidas[[#This Row],[Artículo (código)]]="","",VLOOKUP(Salidas[[#This Row],[Artículo (código)]],Existencias!A:D,4,FALSE)) | H512: =IF(Salidas[[#This Row],[Artículo (código)]]="","",VLOOKUP(Salidas[[#This Row],[Artículo (código)]],Existencias!A:F,7,FALSE))
A513: Total | G513: =SUBTOTAL(109,Salidas[Cantidad]) -> 2436.85 | H513: =SUBTOTAL(109,Salidas[Precio]) -> #REF!

Sheet Clientes
A2: Código | B2: Nombre fiscal | C2: Nombre | D2: Apellidos | E2: NIF/CIF | F2: Teléfono | G2: E-mail | H2: Dirección | I2: Población | J2: Provincia | K2: Código Postal
A3: 1 | B3: Aldimi | C3: Aldimi | D3: Ejemplo | E3: 99999999A | F3: 999999999 | G3: cliente@ejemplo.com | H3: Calle 1 | I3: Ejemplo | J3: Ejemplo Cliente | K3: 99999
